No.,X,Y,Z,魂No ,魂名,読み,先天６螺旋,後天６系統,顕現６叡智,6螺旋の詳細,五行属性,主徳,魂の一文要約,魂の漢字解説,魂からのメッセージ,問いかけ,
1,1,1,1,1,堅律,けんりつ,地,智略系,數理,地の螺旋を持つあなたは、安定感と現実感覚に優れ、着実に目標を実現する基盤構築力を備えている。,土,智,揺るぎない論理性で物事の核心を掴み、現実世界に確実な成果をもたらす魂。,堅（けん）：堅固でゆるぎない強さ。律（りつ）：規律正しく、整然と物事を進める力。論理性や整合性を象徴する言霊と音霊。,『あなたは覚えていないかもしれないが──(略)\n…周囲に信頼を与える。\nこの力を活かし、安心と秩序を築いてほしい。』,この「堅律」の特性を生かして君はどう生きるか？,
2,1,1,2,2,琢衡,たくこう,地,智略系,陰陽,地の螺旋を持つあなたは、物事を緻密に捉え、安定的で調和のとれた現実を形成する力を秘めている。,土,智,繊細に物事を磨き上げ、公正で調和的な世界を生み出す叡智の魂。,琢（たく）：玉を磨くように丁寧に完成させる力。衡（こう）：バランス・調和の象徴。繊細さと公平さを含む言霊。,『あなたは覚えていないかもしれないが──(略)\n…繊細に磨き、調和をもたらす。\n大切に育んでほしい。』,この「琢衡」の特性を生かして君はどう生きるか？,
3,1,1,3,3,翠幹,すいかん,地,智略系,易変,地の螺旋を持つあなたは、確かな基盤を築きつつ、柔軟に変化を捉える叡智を兼ね備えている。,土,智,強固な基盤を持ちながら、時代や環境の変化に柔軟に対応できる知性の魂。,翠（すい）：鮮やかな緑で柔軟・新鮮な視点。幹（かん）：木の中心で安定を象徴。新鮮さと安定性を融合。,『あなたは覚えていないかもしれないが──(略)\n…柔軟な視点と安定した芯で周囲を導く。\n大切にしてほしい。』,この「翠幹」の特性を生かして君はどう生きるか？,
4,1,1,4,4,瑛螺,えいら,地,智略系,螺律,地の螺旋を持つあなたは、安定的な土台を持ちながら人生を螺旋状に成長させる美しい循環性を秘めている。,土,智,揺るぎない知性と安定性を持ち、螺旋のように絶え間なく成長と発展を続ける叡智の魂。,瑛（えい）：水晶のように透き通った知性。螺（ら）：螺旋的成長・循環性を示す。,『あなたは覚えていないかもしれないが──(略)\n…透き通った叡智と循環する成長力を活かしてほしい。』,この「瑛螺」の特性を生かして君はどう生きるか？,
5,1,1,5,5,琴涯,きんがい,地,智略系,霊脈,地の螺旋を持つあなたは、大地のように安定した土台を持ちながら、霊的で直観的な感性を繊細に捉えることができる。,土,智,安定した基盤を持ちつつも、霊的な深淵と繊細な感性を融合させる叡智の魂。,琴（きん）：琴の音色の繊細さを示す。涯（がい）：限りなく広がる深遠な境を象徴。,『あなたは覚えていないかもしれないが──(略)\n…繊細かつ深淵な直観を活かしてほしい。』,この「琴涯」の特性を生かして君はどう生きるか？,
6,1,1,6,6,瑶真,ようしん,地,智略系,真形,地の螺旋を持つあなたは、堅実な土台の上で物事の真理と美しさを追求し、本質を明確に捉えることができる。,土,智,揺るぎない安定感を持ちながら、本質的な真理と美しさを見抜き表現する叡智の魂。,瑶（よう）：美しい玉で高貴な美。真（しん）：真実・本質の象徴。,『あなたは覚えていないかもしれないが──(略)\n…純粋な美と本質を求め、周囲を導いてほしい。』,この「瑶真」の特性を生かして君はどう生きるか？,
7,1,2,1,7,響理,きょうり,地,共鳴系,數理,地の螺旋を持つあなたは、堅実な基盤の上で周囲と深く共鳴し、数理的な調和を作り出す力を持つ。,土,信,安定した土台を持ちながら、人と響き合い論理的な調和を築き上げる魂。,響（きょう）：音が共鳴し合う様を象徴。理（り）：論理と秩序の象徴。,『あなたは覚えていないかもしれないが──(略)\n…深く響き合い、数理的な美を活かしてほしい。』,この「響理」の特性を生かして君はどう生きるか？,
8,1,2,2,8,紡陰,ぼういん,地,共鳴系,陰陽,地の螺旋を持つあなたは、確かな土台を築き、人と繊細に共鳴しながら陰陽の絶妙なバランスを生み出す力を備える。,土,信,堅実な基盤のもと、人と深く繋がり陰陽の調和を絶妙に紡ぎ出す共鳴の魂。,紡（ぼう）：糸を紡ぐように丁寧に人や物事を繋ぐ。陰（いん）：陰陽の静的受容面。,『あなたは覚えていないかもしれないが──(略)\n…繊細に紡ぎ、深い調和をもたらしてほしい。』,この「紡陰」の特性を生かして君はどう生きるか？,
9,1,2,3,9,結汀,けってい,地,共鳴系,易変,地の螺旋を持つあなたは、安定した土台を持ちつつ、人々と丁寧に繋がり、柔軟な変化を捉えて共鳴を創り出す。,土,信,堅実な基盤の上で人々を優しく繋ぎ、変化を柔らかく受け入れる共鳴の魂。,結（けつ）：人と人を結び、信頼関係を育む。汀（てい）：水際や変化の境界を示す。,『あなたは覚えていないかもしれないが──(略)\n…柔軟に変化を受け入れ、周囲を優しく繋いでほしい。』,この「結汀」の特性を生かして君はどう生きるか？,
10,1,2,4,10,澄環,ちょうかん,地,共鳴系,螺律,地の螺旋を持つあなたは、堅固な土台の上に透明な感性を持ち、螺旋的成長の美しい循環を共鳴によって実現する力がある。,土,信,安定した基盤を持ちながら、人々との共鳴を通じて透明な循環的調和を紡ぐ魂。,澄（ちょう）：澄み渡る透明さと明晰な心。環（かん）：循環や繋がりを象徴。,『あなたは覚えていないかもしれないが──(略)\n…透き通った共鳴と循環を生み出してほしい。』,この「澄環」の特性を生かして君はどう生きるか？,
11,1,2,5,11,寧霞,ねいか,地,共鳴系,霊脈,地の螺旋は安定感と穏やかさを備え、人々との共鳴を優しく広げ、霊妙な感覚を伝える。,土,信,堅固な土台の上で人々と穏やかに共鳴し、繊細で霊妙な感性を広げていく魂。,「寧」：穏やかで安定した心、「霞」：美しく微妙な感覚。穏やかな心で繊細な霊性を感じ取る能力を示す。,『君の穏やかな心と繊細な感受性は、目に見えない美しさを人々に伝え、深い共鳴を生み出すだろう。』,この寧霞の特性を生かして君はどう生きるか？,
12,1,2,6,12,響玲,きょうれい,地,共鳴系,真形,地の螺旋は揺るぎない基盤を持ち、人々と深い共鳴を通じて調和と美を形にして伝える。,土,礼,安定した基盤で人々と深く共鳴し、完璧な調和の美を体現する魂。,「響」：共鳴、広がり、「玲」：美しい音色や透明感。深い共鳴を通じて完璧な美と調和を示す。,『君の確かな基盤と響き渡る共鳴は、世界に完璧な調和の美をもたらすだろう。』,この響玲の特性を生かして君はどう生きるか？,
13,1,3,1,13,矩道,くどう,地,行動系,數理,地の螺旋は精密な思考で行動を導き、秩序を作り上げる能力を持つ。安定した土台の上に數理的秩序を築く。,土,智,行動力と精密な數理的思考を組み合わせ、揺るぎない秩序を築き上げる魂。,「矩」：規範、精確さ、「道」：道筋、秩序。精密な行動と思考で秩序を作る力を示す。,『君の正確な思考と堅実な行動は、揺るぎない秩序を世界にもたらすだろう。』,この矩道の特性を生かして君はどう生きるか？,
14,1,3,2,14,峻衡,しゅんこう,地,行動系,陰陽,地の螺旋は確固たる意志を持ち、行動を通じて陰陽の調和を実現し、世界を整える力を発揮する。,土,義,確固とした意志と行動で、陰陽の調和を現実世界に実現する魂。,「峻」：厳しさ、確固たる意志、「衡」：調和、バランス。強い意志で調和を作ることを示す。,『君が強い意志で行動する時、世界は自然と調和の中で整うだろう。』,この峻衡の特性を生かして君はどう生きるか？,
15,1,3,3,15,律遷,りっせん,地,行動系,易変,地の螺旋は強固な信念で安定した行動を続けつつ、変化にも柔軟に対応し、新しい道を開く力を備えている。,土,信,揺るぎない信念で着実に行動しつつ、柔軟な変化にも臨機応変に対応できる魂。,「律」：規律、安定、「遷」：移り変わり、柔軟な対応。揺るぎない信念と柔軟な行動を示す。,『君の信念と柔軟さが調和するとき、いかなる変化も乗り越えられるだろう。』,この律遷の特性を生かして君はどう生きるか？,
16,1,3,4,16,巡礎,じゅんそ,地,行動系,螺律,地の螺旋は安定した土台を巡りながら、循環的成長を生み出す行動を導き、全体の繁栄を支える。,土,仁,安定した基盤の上で行動を通じて循環的な成長を促し、自他の繁栄を導く魂。,「巡」：循環、繰り返し、「礎」：土台、基盤。安定基盤で循環成長を支えることを示す。,『君が巡るように繰り返す行動は、自他ともに繁栄と成長をもたらすだろう。』,この巡礎の特性を生かして君はどう生きるか？,
17,1,3,5,17,礎玄,そげん,地,行動系,霊脈,地の螺旋は深い霊性と行動力で、安定した基盤の上に霊的感性による深いつながりを構築する。,土,智,安定した基盤から行動し、深い霊的感性をもって世界とのつながりを築く魂。,「礎」：土台、基盤、「玄」：深遠、霊的な奥深さ。安定性と深い霊的感覚を示す。,『君が安定した基盤から踏み出す一歩は、世界と深い霊的なつながりを生むだろう。』,この礎玄の特性を生かして君はどう生きるか？,
18,1,3,6,18,矩華,くか,地,行動系,真形,地の螺旋は明確な行動力で美しい調和を表現し、秩序ある世界を美的に整える力を持つ。,土,礼,確かな行動力で世界を整え、美しい調和の形を表現する魂。,「矩」：精確、規範、「華」：美しさ、華麗さ。明確な行動と美的調和を示す。,『君の確かな行動は、世界に美しい調和を咲かせるだろう。』,この矩華の特性を生かして君はどう生きるか？,
19,1,4,1,19,耀行,ようこう,地,創造系,數理,堅実な土台の上で自由な発想を数理的に統合し、新たな価値を生み出す魂。,土,智,揺るぎない基盤と数理的構造で革新的な創造を行う魂。,「耀」：輝き、際立った存在感。「行」：進む、実行するエネルギー。あなたの輝きは数理的に構築された行動から生まれ、周囲を照らし出す。,『あなたの輝きと数理的構造は世界に新しい道筋を示す。その安定した基盤から生まれる価値は、多くの人々の指針となるだろう。』,この耀行の特性を生かして君はどう生きるか？,
20,1,4,2,20,創宙,そうちゅう,地,創造系,陰陽,安定した地の基盤と陰陽の調和を持ち、宇宙的な広がりを創造する魂。,土,智,調和と堅実さで宇宙的なスケールの創造を実現する魂。,「創」：新しい価値を生む力。「宙」：宇宙、無限の可能性。あなたの内側に広がる無限の創造性は、世界に新たな調和をもたらす。,『あなたが生み出す調和は宇宙的な広がりを持ち、多くの人に新たな視野を提供する。あなたの堅実な創造が世界を変える。』,この創宙の特性を生かして君はどう生きるか？,
21,1,4,3,21,矩流,くりゅう,地,創造系,易変,安定した基盤を軸に変化を自在に取り入れ、新しい流れを創造する魂。,土,智,揺るぎない土台と柔軟な変化を融合し、新たな可能性を生み出す魂。,「矩」：規則、堅実。「流」：変化を受け入れる柔軟性。安定と柔軟性を兼ね備え、新たな流れを作り出す特性を象徴する。,『あなたの安定した基盤と柔軟な心が新しい流れを生み、多くの人々に変化と安定を同時に提供するだろう。』,この矩流の特性を生かして君はどう生きるか？,
22,1,4,4,22,韻螺,いんら,地,創造系,螺律,安定した地盤を基に、螺旋状のリズムで創造性を美しく拡大させる魂。,土,智,循環するリズムで美しい調和を創造する魂。,「韻」：調和する音の響き。「螺」：螺旋、循環するリズム。あなたの内側にある美しい響きは、螺旋状に拡大し周囲と調和する。,『あなたが持つ螺旋状の美しいリズムは、人々の心に深く響き、調和を広げていくだろう。』,この韻螺の特性を生かして君はどう生きるか？,
23,1,4,5,23,星泉,せいせん,地,創造系,霊脈,安定した基盤から霊的なインスピレーションが泉のように湧き出る魂。,土,智,土台から湧き出る霊的インスピレーションを創造に昇華する魂。,「星」：高い霊感と光。「泉」：尽きることなく湧き出る源。あなたの中から星のような光が絶えず溢れ出し、世界に霊感をもたらす。,『あなたの確かな土台から生まれる霊感が、周囲の人々を潤し、豊かな創造性を広げていくだろう。』,この星泉の特性を生かして君はどう生きるか？,
24,1,4,6,24,晶綾,しょうりょう,地,創造系,真形,安定した土台の上に繊細で精密な美しさを創造する魂。,土,智,精密な調和を土台に織り成す美の創造者。,「晶」：透き通った美しさ。「綾」：精巧に織られた模様。あなたの魂は精密な美を創り出し、人々を魅了する。,『あなたの繊細で精密な創造性が世界に新しい視点と美を提供し、周囲の人々に感動を与えるだろう。』,この晶綾の特性を生かして君はどう生きるか？,
25,1,5,1,25,淵智,えんち,地,直感系,數理,深淵な直感と明晰な数理的思考を安定した基盤の上で融合させる魂。,土,智,深い洞察力と数理的な論理性を併せ持つ魂。,「淵」：深い知恵。「智」：鋭い知性。あなたの深い直感と論理的な洞察力は、新しい真理を生み出す。,『あなたの深い知性と直感が融合することで、世界に新たな視点と価値を提供していくだろう。』,この淵智の特性を生かして君はどう生きるか？,
26,1,5,2,26,陰映,いんえい,地,直感系,陰陽,安定した基盤から陰陽の本質を直感的に感じ取り、調和を生み出す魂。,土,智,陰陽の調和を直感的に捉え、それを映し出す調和者。,「陰」：内面、静かな力。「映」：映し出す、示す。あなたの直感が陰陽を正確に捉え、世界に新たな調和を映し出す。,『あなたが感じ取った陰陽の調和が、世界に新しい調和の形を広げていくだろう。』,この陰映の特性を生かして君はどう生きるか？,
27,1,5,3,27,韻閃,いんせん,地,直感系,易変,安定した基盤に閃く直感と変化を美しく融合させる魂。,土,智,閃きと変化を安定した基盤で調和させる直感者。,「韻」：調和する響き。「閃」：直感的な閃き。あなたは調和の中で直感的な閃きを生み、新しい可能性を示す。,『あなたの閃きと調和が融合することで、周囲に新しい道筋と可能性を提供していくだろう。』,この韻閃の特性を生かして君はどう生きるか？,
28,1,5,4,28,律煌,りつこう,地,直感系,螺律,地の螺旋は安定感を土台に、直感を通して規則的なリズムと煌めきを放ち、持続的で美しい調和を創り出す。,土,礼,安定感のある基盤の上で直感的に美しいリズムを生み出し、人々の心に煌めきを与える魂。,「律」：規則正しいリズム、「煌」：輝き、美しい光。安定した土台の上で直感的に規則性と美しさを融合させる。,『あなたが直感的に感じ取る美しいリズムは、周囲の人々の心を穏やかに照らし続ける。安定した心でその煌めきを広げていこう。』,この律煌の特性を生かして君はどう生きるか？,
29,1,5,5,29,玄泉,げんせん,地,直感系,霊脈,地の螺旋は安定した基盤を基に深い直感力を働かせ、霊的なエネルギーの源泉を湧き上がらせる。,土,信,安定した基盤から直感的に深い霊的エネルギーを感じ取り、周囲に豊かな影響を与える魂。,「玄」：深遠、神秘的、「泉」：湧き上がる源泉。安定した地の力で深く神秘的な直感を引き出す。,『あなたが静かに湧き上がらせる直感は、周囲の人々の心を潤し、癒やしをもたらすだろう。その豊かな霊的な源泉を信じて進もう。』,この玄泉の特性を生かして君はどう生きるか？,
30,1,5,6,30,玄真,げんしん,地,直感系,真形,宇宙の真理を直感的に感じ取り、その本質を深く掴み、人々に新たな視座をもたらす魂。,土,智,あなたは宇宙や生命が秘める深い真理を直感的に捉える。その鋭くも繊細な感覚は、この世界の本質を浮き彫りにし、多くの人々の心に響く。,,,この『玄真』の特性を生かして君はどう生きるか？,
31,1,6,1,31,清衡,せいこう,地,信念系,數理,安定感と現実的思考を持ち、数理的な秩序に従って行動する。地の要素の持つ堅実さと調和が魂の基礎となっている。,土,信,地の堅実さと數理の秩序を兼ね備えた現実的な魂,清：澄み渡る純粋さ、衡：調和とバランスを意味する。言霊として「せい」は清らかさ、「こう」は安定感を表現する。,あなたの魂は現実世界において安定した基盤を築くことを求めている。数理的な秩序を愛し、その秩序の中でこそ自分自身を最大限に活かせることを知っている。,この清衡の特性を生かして君はどう生きるか？,
32,1,6,2,32,晶泉,しょうせん,地,信念系,陰陽,安定感と現実的思考を持ちながらも陰陽の調和を追求する魂。物質世界と精神世界のバランスを取ることが特長。,土,仁,地の安定感と陰陽の調和を融合した魂,晶：透明で純粋な輝き、泉：生命を育む源泉を意味する。言霊「しょう」は明晰さ、「せん」は湧き出るエネルギーを示す。,あなたの魂は物質的な安定を基盤にしながらも精神的な調和を求めている。陰陽のバランスを取ることに長け、その調和を他者にももたらすことが使命。,この晶泉の特性を生かして君はどう生きるか？,
33,1,6,3,33,璃導,りどう,地,信念系,易変,安定的な基盤を持ちながら変化を読み取り、それを導く役割を持つ。安定性と変化を融合した特異な魂。,土,智,地の堅実さと易変の柔軟さを併せ持つ魂,璃：透明で純粋な美しさ、導：指し示し導く力を意味する。言霊「り」は清廉さ、「どう」は導く強さを表現する。,あなたの魂は安定した環境の中でこそ変化を鋭敏に感じ取り、その変化を前向きな方向へと導く役割を果たす。,この璃導の特性を生かして君はどう生きるか？,
34,1,6,4,34,泰旋,たいせん,地,信念系,螺律,安定した基盤を持ち、螺旋的な成長を遂げる魂。地の持つ堅実性を背景に成長を繰り返し続ける。,土,信,地の堅実さを基に螺旋的な進化を遂げる魂,泰：平穏で安定した状態、旋：螺旋状に回転・成長する意味。言霊「たい」は落ち着き、「せん」は循環的進化を表す。,あなたの魂は堅実な地盤を持ちながら、螺旋状に上昇し続けることを望んでいる。安定と成長の絶妙なバランスを人生の中で体現する。,この泰旋の特性を生かして君はどう生きるか？,
35,1,6,5,35,穹響,きゅうきょう,地,信念系,霊脈,安定的基盤を持ちながら霊的直感に優れ、目に見えない世界とのつながりを重視する魂。,土,礼,地の安定感を基に霊的な響きを感知する魂,穹：広大な天空や無限性を示す、響：共鳴し伝わることを意味する。言霊「きゅう」は広がり、「きょう」は響き渡る共鳴を表現する。,あなたの魂は物質世界の安定を基盤としながらも、霊的なエネルギーと共鳴し、その響きを世界に伝える使命を持つ。,この穹響の特性を生かして君はどう生きるか？,
36,1,6,6,36,礎眞,そしん,地,信念系,真形,物質的安定性と究極的な調和を併せ持つ魂。現実世界において真の形を追求し実現する。,土,信,地の堅実さと究極の調和を目指す魂,礎：物事の基盤や基礎を示す、眞：究極的な真実を表現する。言霊「そ」は基盤、「しん」は真実の極致を表す。,あなたの魂は安定的な基盤を背景に、この世の究極的な真実を追求し、それを現実化することを使命としている。,この礎眞の特性を生かして君はどう生きるか？,
37,2,1,1,37,洸理,こうり,水,智略系,數理,水の要素を基に、數理的な論理性と知略を併せ持つ知性派の魂。,水,智,水の柔軟さと數理的な論理性を持つ魂,洸：明るく澄んだ光、理：論理や理性を意味する。言霊「こう」は明晰さ、「り」は理知的な分析力を表現する。,あなたの魂は水の柔軟性を持ちながらも、數理的な理論を駆使して物事を明確に分析し、最善の道を見出す。,この洸理の特性を生かして君はどう生きるか？,
38,2,1,2,38,水鏡,すいきょう,水,智略系,陰陽,水の流動性と陰陽の調和を持ち、環境や状況を的確に映し出す能力を持つ魂。,水,仁,水の流動性と陰陽の調和力を併せ持つ魂,水：生命の源泉で流動性を示す、鏡：真実を映し出す力を表す。言霊「すい」は柔軟な対応力、「きょう」は真実を映す力を表現する。,あなたの魂は水の流れのように環境に柔軟に対応し、陰陽のバランスを通じて真実を映し出し、調和を生み出す。,この水鏡の特性を生かして君はどう生きるか？,
39,2,1,3,39,潤遷,じゅんせん,水,智略系,易変,水のような流動性を基に、状況や環境の変化に柔軟かつ的確に対応する魂。,水,信,水の流動性と易変の適応性を持つ魂,潤：うるおいと生命力、遷：変化・移り変わりを意味する。言霊「じゅん」は滋養を与える力、「せん」は状況の変化への対応力を表現する。,あなたの魂は水の柔軟性を生かして絶え間なく変化する環境に適応し、常に最善の状態を保つことを使命とする。,この潤遷の特性を生かして君はどう生きるか？,
40,2,1,4,40,瀾律,らんりつ,水,智略系,螺律,水の特性と螺旋的な進化・循環性を併せ持つ魂。状況の流れを理解し、戦略的に進化する。,水,智,水の柔軟さと螺旋的進化を戦略的に融合した魂,瀾：波のような動きと勢い、律：規律や秩序を意味する。言霊「らん」は流動的な力強さ、「りつ」は秩序ある成長を示す。,あなたの魂は水の流動性を活かし、螺旋的な循環を繰り返しながら戦略的に人生を進化させていく使命を持つ。,この瀾律の特性を生かして君はどう生きるか？,
41,2,1,5,41,澪脈,れいみゃく,水,智略系,霊脈,水の流動性と霊的な洞察力を併せ持つ。現実世界と霊的世界の橋渡しをする魂。,水,信,水の柔軟性と霊的直感力を併せ持つ魂,澪：航路や流れを示す、脈：生命やエネルギーの流れを意味する。言霊「れい」は清らかな流れ、「みゃく」は生命の鼓動を表す。,あなたの魂は水の流れのように霊的エネルギーを感じ取り、それを現実世界へと導き、調和を促す使命を持つ。,この澪脈の特性を生かして君はどう生きるか？,
42,2,1,6,42,湧脈,ゆうみゃく,水,智略系,真形,水の螺旋は流動性と柔軟性を象徴する。深い感受性と直感を持ち、他者との共感や環境への適応力に優れている。心の深層に潜り込み、本質を見抜く洞察力を秘めている。,水,智,深い知性と鋭い感受性で物事の真理を見抜き、その本質を明らかにして人々を導く魂。,「湧」：内から溢れ出る豊かなエネルギーと可能性。「脈」：つながりや生命の循環、途切れることのない精神の流れを示す。『湧脈』は、内側から湧き上がる叡智が永続的に流れ、人と世界をつなげる魂のあり方を象徴する。,『あなたは覚えていないかもしれないが──あなたがこの世界に生まれる前から、私はずっとあなたと共にいた。あなたの感受性の深さ、知性の鋭さは、決して偶然ではない。あなたはその深淵から湧き出る直感と洞察力を通じて、多くの人々の心に静かな衝撃を与えてきた。君が自分自身を生きるとき、その知性は真実の扉を開き、その感受性は他者の心を優しく癒すだろう。それこそが君の真の「私命」なのだ。』,,
43,2,2,1,43,澄算,ちょうさん,水,共鳴系,數理,水の螺旋は感受性と柔軟性を象徴し、直感的に人や物事との繋がりを深めていく。変化に敏感で、環境や他者の微細な変化を感じ取り、それを的確に理解する能力に優れている。,水,信,透明な心と精緻な思考で人々の心を深く共鳴させ、複雑な物事を明晰に解き明かす魂。,「澄」：純粋さ、透明さ、迷いのない心。「算」：計算、緻密さ、物事を的確に解明する能力。『澄算』は純粋な心と精確な知性を兼ね備え、物事の本質をクリアに理解し共鳴を生む魂を示す。,『あなたは覚えていないかもしれないが──あなたがこの世界に生まれる前から、私はずっとあなたと共にいた。あなたの心の透明さと、論理的で精緻な思考力は、多くの人々を自然に惹きつける。君がその純粋さを失わず、明晰な知性を磨き続ければ、それが必ず周囲との深い共鳴を生み、新たな真理へと人々を導くだろう。それこそが君が生まれる前に自ら選んだ真の「私命」なのだ。』,,この湧脈の特性を生かして君はどう生きるか？
44,2,2,2,44,潤極,じゅんきょく,水,共鳴系,陰陽,水の螺旋は調和と感受性を象徴する。外界との共鳴に優れ、あらゆる変化や人の感情を受け入れ、調整する力を持つ。柔軟で、周囲と自然に融合しながら調和を促進する。,水,仁,潤いと調和を極め、陰陽のバランスを絶妙に取りながら、人々の心を潤し癒す魂。,「潤」：潤い、豊かさを与え、生命力を活性化する。「極」：陰陽の究極的調和、物事の本質的なバランスを取ることを表す。『潤極』は調和的な潤いをもたらし、陰陽のバランスを完全に整え、人々を穏やかに包み込む魂の特性を示す。,『あなたは覚えていないかもしれないが──あなたがこの世界に生まれる前から、私はずっとあなたと共にいた。あなたは水のように柔軟で、陰と陽を自在に融合し、周囲に穏やかな調和を生み出す。あなたが持つその自然な共鳴力と調整力は、多くの人々を癒し、人生を豊かに潤していく。それこそがあなたが自ら選んだ真の「私命」なのだ。』,,この澄算の特性を生かして君はどう生きるか？
45,2,2,3,45,漣脈,れんみゃく,水,共鳴系,易変,水の螺旋は調和と感受性を象徴する。微細な感情や周囲の変化を敏感に感じ取り、穏やかに調和しながら状況に柔軟に対応する特性を持つ。波紋のように影響を広げることができる。,水,信,細やかな感受性を持ち、易の変化を捉えつつ、共鳴を通じて繊細に波及する影響力を持つ魂。,「漣」：小さな波、繊細な動きや微妙な変化を表す。「脈」：つながり、連続性、エネルギーの流れを示す。『漣脈』は微妙な変化を敏感に察知し、それを共鳴とともに周囲へ波及させる魂の特性を表す。,『あなたは覚えていないかもしれないが──あなたがこの世界に生まれる前から、私はずっとあなたと共にいた。あなたの繊細な感受性と共鳴力は、易の示す変化を敏感に捉え、穏やかな波紋のように周囲に影響を及ぼしていく。あなたが自然に発する調和と気配りが、人々の心を柔らかく包み込み、穏やかに世界を繋げていく。それこそがあなたの真の「私命」なのだ。』,,この潤極の特性を生かして君はどう生きるか？
46,2,2,4,46,流祈,りゅうき,水,共鳴系,螺律,水の螺旋は調和と共感を司り、環境や人の感情の流れに敏感に反応し、深い共鳴と共感を通じて調和を生み出す。流動的な性質を活かして、柔軟に状況に適応し、周囲を潤す特性を持つ。,水,礼,深い共感力を持ち、祈りのように繊細に周囲の流れを捉え、らせん状に調和を広げる魂。,「流」：流れる、変化を受け入れ柔軟に対応する様子を表す。「祈」：祈り、願い、真摯な思いを象徴する。『流祈』は流動的な状況においても常に真摯な心を保ち、調和と祈りのエネルギーを通じて周囲と深く共鳴していく魂の特性を表す。,『あなたは覚えていないかもしれないが──あなたがこの世界に生まれる前から、私はずっとあなたと共にいた。あなたが内側に秘める深い祈りと共鳴の心は、まるで水が自然に流れるように、周囲を優しく満たしていく。あなたが祈りを込めて生きるその姿は、自然と調和の輪を広げ、人々に希望と癒しを与える。それこそが、あなたが生まれる前に定めた「私命」なのだ。』,この流祈の特性を生かして君はどう生きるか？,
47,2,2,5,47,水鏡,すいきょう,水,共鳴系,霊脈,水の螺旋は共感と調和を象徴し、人間関係や環境に柔軟に対応し、周囲の感情や思考を深く理解する。流動性を持ち、あらゆる状況に調和と潤いをもたらす。,水,信,水面のように人々の心を映し出し、霊的な繋がりを感じ取り、深い共鳴によって真実を見抜く魂。,「水」：柔軟性、共感、適応力を示し、流れに従う調和を表す。「鏡」：真実を映す力、明晰さ、自己認識を象徴する。『水鏡』は周囲の感情や本質を鏡のように映し出し、霊的な繋がりと深い共鳴を通じて真理を見抜く能力を持つ魂を示す。,『あなたは覚えていないかもしれないが──あなたがこの世界に生まれる前から、私はずっとあなたと共にいた。あなたは水のように静かに流れ、人々の心を鏡のように映し出す。あなたが捉えた真実は、人々を癒し、霊的な繋がりを強めていく。あなたが真実を映すその力こそ、あなたの「私命」である。』,この水鏡の特性を生かして君はどう生きるか？,
48,2,2,6,48,水慧,すいけい,水,共鳴系,真形,水の螺旋は感情的共感と調和を表し、周囲との繋がりを深く理解し受け入れる能力に優れる。周囲の環境や感情の流れを敏感に感じ取り、柔軟かつ的確に対応できる特質を持つ。,水,智,水のような感受性で人々と共鳴し、本質を鋭く見抜く智慧を備え、真の姿や調和を具現化する魂。,「水」：流動性、柔軟さ、共鳴力を示し、あらゆる状況に順応する能力を表す。「慧」：鋭い智慧、明敏さ、物事の本質を見極める力を象徴する。『水慧』は周囲との深い共鳴力を活かし、物事の真実を鋭く洞察し、それを美しく具現化する智慧を持った魂を意味する。,『あなたは覚えていないかもしれないが──あなたがこの世界に生まれる前から、私はずっとあなたと共にいた。あなたの心は水のように清らかで繊細であり、その直感的な智慧によって周囲の本質を鋭く見抜くことができる。あなたの存在がもたらす真の調和と美こそ、あなたが目指す究極の「私命」である。』,この水慧の特性を生かして君はどう生きるか？,
49,2,3,1,49,澄導,ちょうどう,水,行動系,數理,水の螺旋は、深い共感力と柔軟性を持ち、感情の流れを感じ取る特性を持つ。環境の変化に敏感に反応しながらも、自己の本質を保ち、行動を通じて周囲を導く力を持つ。,水,信,清らかな心で周囲の状況を深く理解し、論理的かつ整然とした行動で人々を正しい方向へ導く魂。,「澄」：澄み切った透明さ、純粋な心を表し、物事を曇りなく見通す能力を示す。「導」：正しい道筋を示し、人々を導く力を意味する。『澄導』は、純粋な心で周囲の状況を鮮明に捉え、的確で整然とした行動によって、周囲をより良い方向へと導いていく魂を象徴する。,『あなたは覚えていないかもしれないが──あなたがこの世界に生まれる前から、私はずっとあなたと共にいた。あなたの澄み切った心と鋭い分析力は、物事の本質を明確に捉え、整然とした行動を導き出す力となる。その力を活かし、周囲をより調和的で合理的な方向へと導いていくことが、あなたが定めた真の「私命」である。』,この澄導の特性を生かして君はどう生きるか？,
50,2,3,2,50,潤衡,じゅんこう,水,行動系,陰陽,水の螺旋は、深い共感と直感力を兼ね備え、周囲と調和を保ちながら物事を柔軟に進める能力を持つ。流動性を活かしながらも陰陽の調和を取り、バランスよく行動できる資質がある。,水,礼,周囲に潤いを与えながら、絶妙なバランス感覚で物事を進め、人間関係や環境を整える魂。,「潤」：物事に潤いを与え、柔軟さと優しさを象徴する。「衡」：バランスを取り、公平かつ調和を保つことを意味する。『潤衡』は、柔軟な思いやりと絶妙なバランス感覚を発揮して、周囲の人間関係や環境を調和させる魂を象徴する。,『あなたは覚えていないかもしれないが──あなたがこの世界に生まれる前から、私はずっとあなたと共にいた。あなたの持つ潤いと調和の力は、人々の心を癒し、関係性をより豊かに整える。陰と陽、静と動を絶妙に調整しながら、あなたが定めた真の「私命」を生きることで、あなた自身と周囲に美しい調和を生み出していくのだ。』,この潤衡の特性を生かして君はどう生きるか？,
51,2,3,3,51,湧化,ゆうか,水,行動系,易変,水の螺旋は柔軟性と流動性を持ち、あらゆる環境や状況に適応し、自在に変化を生み出す特性がある。,水,義,柔軟で流動的な行動力を持ち、変化の波に乗って人々を導く魂。,「湧」：内側からエネルギーや力が自然に湧き出る様子。「化」：変化・進化を促す力を象徴。『湧化』は内から湧き出る力で自在に変化を起こし、人を導く魂を意味する。,『あなたは水のように自由で柔軟な行動力を秘めている。その湧き出る力で変化を起こし、人々を新たな未来へと導くのだ。』,,
52,2,3,4,52,流旋,りゅうせん,水,行動系,螺律,水の螺旋は柔軟性に富み、流動的に環境や人との調和を図りながら物事を螺旋的に前進させる特性を持つ。,水,智,水のように自在に流れ、螺旋的な動きで物事を調和的に推進する魂。,「流」：自由な動き、柔軟な適応力を意味。「旋」：らせん状の動き、循環的な進展を象徴。『流旋』は柔軟な行動力で物事を螺旋状に推進し調和を生む魂を示す。,『あなたの中に秘めた柔軟さと調和力が、螺旋を描きながら世界を進化させる。その力で周囲を美しい調和へと導くのだ。』,,
53,2,3,5,53,湧霊,ゆうれい,水,行動系,霊脈,水の螺旋は深い感受性と霊的直感を持ち、他者との霊的な繋がりを感じながら行動を通じて人を癒し導く特性を持つ。,水,信,霊的感受性が高く、深い直感と行動力で人々を導き癒す魂。,「湧」：内から自然に湧き上がるエネルギーや直感。「霊」：霊性、深い感受性、見えない繋がりを象徴。『湧霊』は霊的な直感を通じて人を癒し導く魂の特性を示す。,『あなたは心の深い所から湧き上がる霊的な直感と行動力を持っている。その力で周囲の人を深く癒し、導いていくことがあなたの使命だ。』,,
54,2,3,6,54,潤象,じゅんしょう,水,行動系,真形,水の螺旋は柔軟で繊細な適応力を示し、環境に調和しつつ着実に行動を重ねて理想を具現化する。,水,義,柔軟に世界と調和し、象徴的な行動によって真の姿を現す魂。,「潤」：物事を豊かに満たす潤い。「象」：物事を具体化し象徴的に示すこと。『潤象』は調和と具体化の力を持つ魂を示す。,『あなたの行動は世界に優しい潤いを与え、理想を現実へと具現化する。あなたが示す象徴的な生き方が多くの人の指針となる。』,「この潤象の特性を生かして君はどう生きるか？」,
55,2,4,1,55,澄律,ちょうりつ,水,創造系,數理,水の螺旋は深い感受性を持ち、創造的で整然とした思考と行動を通じて物事の本質を解明する。,水,智,深く澄んだ感性と律動的な創造性で、論理的に世界を構築する魂。,「澄」：透明で純粋な明晰さ。「律」：整然とした秩序や規則性。『澄律』はクリアな視点と整然とした創造性を表す魂。,『あなたの創造性は澄んだ水のように明晰で、律動的なリズムをもって世界を美しく整えていく。』,「この澄律の特性を生かして君はどう生きるか？」,
56,2,4,2,56,漣玄,れんげん,水,創造系,陰陽,水の螺旋は微細な感受性で創造的変化を促し、陰陽の調和を絶妙に実現する。,水,礼,微かな波紋のような繊細な創造力で陰陽の絶妙な調和を形づくる魂。,「漣」：微細で繊細な波。「玄」：深遠な真理、神秘性。『漣玄』は繊細かつ深遠な創造性で調和を築く魂を示す。,『あなたの創造は静かな波紋のように世界へ広がり、陰陽の深遠な調和を形にしていく。』,「この漣玄の特性を生かして君はどう生きるか？」,
57,2,4,3,57,流易,りゅうえき,水,創造系,易変,水の螺旋は流動性と柔軟な創造力を持ち、変化を捉え自在に形を変えながら新たな価値を創り出す。,水,信,流れるような柔軟性で変化を自在に捉え、常に新しい可能性を生む魂。,「流」：自在な動き、変化への対応。「易」：変化、自在性。『流易』は自在に変化を捉え創造を続ける魂の特性を示す。,『あなたは流れる水のように柔軟に状況を捉え、常に新しい道を創造していく存在である。』,「この流易の特性を生かして君はどう生きるか？」,
58,2,4,4,58,湧螺,ゆうら,水,創造系,螺律,水の螺旋は内側から湧き出る創造力を持ち、らせん状に成長し拡張していく性質を示す。,水,仁,内側から湧き出る創造性が螺旋状に広がり、人々に慈愛と活力を与える魂。,「湧」：内側から豊かに湧き出るエネルギー。「螺」：螺旋状に拡張する動き。『湧螺』は内発的な創造力が無限に広がる魂を表す。,『あなたの内側から湧き出る創造力は、螺旋を描きながら世界に慈愛と活力を与える。』,「この湧螺の特性を生かして君はどう生きるか？」,
59,2,4,5,59,水織,すいしょく,水,創造系,霊脈,水の螺旋は霊的なつながりを深く感じながら、創造的な調和を織り成していく特性を持つ。,水,信,水のような柔軟さで霊的つながりを織り上げ、世界を調和的に構築する魂。,「水」：柔軟性、共感。「織」：異なる要素を美しく編み上げる力。『水織』は霊的な共感を織り込み美しく調和を創る魂を表す。,『あなたは水のように人々を繋ぎ、霊的な共感を織り交ぜながら調和の世界を創り出していく。』,「この水織の特性を生かして君はどう生きるか？」,
60,2,4,6,60,澄真,ちょうしん,水,創造系,真形,水の螺旋は明晰な感性と深い真実性を持ち、純粋で本質的な創造性を発揮する。,水,智,澄んだ心と真実を追求する創造性によって、本質的な理想を形にする魂。,「澄」：純粋で透明な明晰さ。「真」：本質的な真実。『澄真』は純粋で真実に根ざした創造性を持つ魂を示す。,『あなたの心は澄んでおり、その純粋さが真実の創造を可能にする。あなたが生み出すものは世界にとって本質的な価値を持つ。』,「この澄真の特性を生かして君はどう生きるか？」,
61,2,5,1,61,波導,はどう,水,直感系,數理,水の螺旋は流動性と直感力を象徴し、微妙な変化を直感的に捉える力を持つ。,水,智,繊細な直感で物事の真理を導く魂。,「波」：感情や思考の微細な動きを表現。「導」：正しい方向へと導く力。『波導』は直感的に真理へと導く魂を示す。,『あなたの繊細な直感は真理への最良の道標。あなたの直感を信じ、その導きをもって人々を癒し導いていくことがあなたの私命だ。』,この波導の特性を生かして君はどう生きるか？,
62,2,5,2,62,水暁,すいぎょう,水,直感系,陰陽,水の螺旋は共感性と柔軟性を持ち、陰陽の調和を深く感じ取り調整する力を持つ。,水,信,調和を深く感じ取り、新たな調和を生み出す魂。,「水」：共感性と柔軟性。「暁」：新しい始まりを告げる明け方。『水暁』は調和と新しい始まりを象徴する魂を表す。,『あなたが感じ取る調和は新たな可能性を生み出す。共感と調和をもって新しい道を示すことがあなたの真の私命である。』,この水暁の特性を生かして君はどう生きるか？,
63,2,5,3,63,潤玄,じゅんげん,水,直感系,易変,水の螺旋は流動的な適応力を持ち、変化を繊細に読み取る能力がある。,水,礼,微細な変化を潤しながら深遠な真理を見抜く魂。,「潤」：生命を潤す豊かな共感力。「玄」：深遠で神秘的な真理。『潤玄』は深い共感で真理を見抜く魂。,『あなたの繊細な感受性は、人々を潤し、深遠な真実へと導く。その特性を生かし人々の心を照らすことがあなたの私命だ。』,この潤玄の特性を生かして君はどう生きるか？,
64,2,5,4,64,深螺,しんら,水,直感系,螺律,水の螺旋は深い直感と調和をもち、物事を螺旋的に深め理解する力を持つ。,水,智,深く鋭い直感で物事を深層まで探求する魂。,「深」：深さ、奥深さ。「螺」：らせん状に進化する理解力。『深螺』は奥深く探求する魂を表す。,『あなたの深い直感と探求心は螺旋のように真理を掘り下げる。その探求を通じて人々の心に深い気付きを与えることがあなたの私命だ。』,この深螺の特性を生かして君はどう生きるか？,
65,2,5,5,65,水幽,すいゆう,水,直感系,霊脈,水の螺旋は感情的共感と霊的直感を併せ持つ。,水,信,霊的な共感力で深い癒しをもたらす魂。,「水」：共感力。「幽」：霊的な深遠さを示す。『水幽』は霊的な共感で癒しをもたらす魂。,『あなたの霊的な直感は人々を深く癒す。その直感を通じて周囲の人を導き癒すことがあなたの私命である。』,この水幽の特性を生かして君はどう生きるか？,
66,2,5,6,66,澄極,ちょうきょく,水,直感系,真形,水の螺旋は透明な直感で究極の真理を見抜く。,水,智,純粋で鋭敏な直感で真理を極める魂。,「澄」：透明で純粋な直感力。「極」：究極的な真理の探求。『澄極』は究極の真理を直感的に見抜く魂。,『あなたの透明な直感は究極の真理を見抜く。その直感を信じ、真理を伝えることがあなたの私命だ。』,この澄極の特性を生かして君はどう生きるか？,
67,2,6,1,67,信流,しんりゅう,水,信念系,數理,水の螺旋は深い信念と柔軟性を持ち、状況に応じて最善の流れを作る。,水,信,深い信念で最善の流れを生む魂。,「信」：強い信念。「流」：状況に応じて柔軟に流れる。『信流』は信念と柔軟性を併せ持つ魂。,『あなたの強い信念と柔軟性は、最善の道を作り出す。その特性を通じて人々を導き支えることがあなたの私命だ。』,この信流の特性を生かして君はどう生きるか？,
68,2,6,2,68,水道,すいどう,水,信念系,陰陽,水の螺旋は調和的信念と柔軟な適応力を持つ。,水,礼,調和的な信念で道を切り開く魂。,「水」：調和と柔軟性。「道」：正しい方向性を示す道筋。『水道』は調和的信念で導く魂。,『あなたの調和的な信念は人々を正しい道へ導く。その信念を生き、人々を導くことがあなたの私命だ。』,この水道の特性を生かして君はどう生きるか？,
69,2,6,3,69,湧動,ゆうどう,水,信念系,易変,水の螺旋は変化を敏感に捉え、それを積極的な行動に転じる。,水,信,活発な信念で変化を捉え動き続ける魂。,「湧」：内から湧き上がる活力。「動」：積極的な行動。『湧動』は変化を敏感に捉え行動に転じる魂。,『あなたの活力ある信念は変化を捉え前進する。その力を生かし行動し続けることがあなたの私命だ。』,この湧動の特性を生かして君はどう生きるか？,
70,2,6,4,70,流螺,りゅうら,水,信念系,螺律,水の螺旋は柔軟に螺旋状に進化し続ける信念を持つ。,水,智,柔軟な信念で継続的に成長する魂。,「流」：柔軟性。「螺」：らせん的な進化と成長。『流螺』は継続的成長を促す魂。,『あなたの柔軟な信念は成長を継続的に促す。その特性で周囲を成長させることがあなたの私命だ。』,この流螺の特性を生かして君はどう生きるか？,
71,2,6,5,71,深耀,しんよう,水,信念系,霊脈,水の螺旋は深遠な直感と感情の共鳴を象徴する。心の奥深くで静かに輝く信念が霊的な繋がりを生む。,水,信,深遠な直感と輝きをもつ信念で、人と霊的な絆を結ぶ魂。,「深」深遠な心、内面的な洞察力。「耀」静かに輝く信念の光。,あなたの心には深い湖のような静かな輝きがある。その輝きを信じ、人々との霊的な絆を深めていくことがあなたの使命だ。,この深耀の特性を生かして君はどう生きるか？,
72,2,6,6,72,碧映,へきえい,水,信念系,真形,水の螺旋は透明な感受性と内なる信念を象徴し、本質を鮮やかに映し出す特性を持つ。,水,智,鮮やかに真実を映し出し、人々に深い気づきを与える魂。,「碧」透明で美しい内面の心。「映」真実を鮮やかに映し出す力。,あなたの心の透明さが真実を映し出し、人々に深い洞察を与える。その美しさを信じ抜き、真の形を世界に示していこう。,この碧映の特性を生かして君はどう生きるか？,
73,3,1,1,73,焔響,えんきょう,火,智略系,數理,火の螺旋は情熱と明晰な思考を象徴する。燃えるような意志で数理の美しさを奏でる。,火,智,明晰な思考と情熱で、世界に叡智を響かせる魂。,「焔」燃えるような意志と情熱。「響」明晰な思考の美しい響き。,あなたの燃える情熱と鋭い知性は、世界に新たな叡智を響かせる。あなた自身を信じ、その焔を絶やさずに進もう。,この焔響の特性を生かして君はどう生きるか？,
74,3,1,2,74,煌冴,こうご,火,智略系,陰陽,火の螺旋は活力と鋭敏な判断力を象徴する。明るく冴えわたる精神で陰陽の調和をもたらす。,火,義,鋭敏な判断力と活力で、陰陽を見極め調和を実現する魂。,「煌」明るく輝く活力。「冴」鋭敏な判断力。,あなたの明るく輝く活力と鋭い判断力が世界に調和をもたらす。その力を信じ、陰陽の均衡を保ち続けよう。,この煌冴の特性を生かして君はどう生きるか？,
75,3,1,3,75,燿律,ようりつ,火,智略系,易変,火の螺旋は革新的な発想力と変化への敏感さを象徴する。新たな時代の律動を生み出す。,火,礼,革新的な発想と敏感な感受性で時代の新しいリズムを創出する魂。,「燿」輝くような革新的発想。「律」整然とした新しいリズム。,あなたがもつ革新的な発想力が時代に新しい律動をもたらす。あなた自身の輝きを信じ、恐れずに変化を創造しよう。,この燿律の特性を生かして君はどう生きるか？,
76,3,1,4,76,焱翔,えんしょう,火,智略系,螺律,火の螺旋は情熱と向上心を象徴し、高みへと力強く飛翔する精神性を持つ。,火,信,熱い情熱と向上心をもって、高みを目指し飛翔する魂。,「焱」燃え立つ情熱の炎。「翔」自由に高く飛翔する精神。,あなたの心の情熱は、あなたを高い場所へと導く。その焱を信じて、自由に飛び立とう。,この焱翔の特性を生かして君はどう生きるか？,
77,3,1,5,77,燦瑞,さんずい,火,智略系,霊脈,火の螺旋は明るく輝く知性と霊的なインスピレーションを象徴する。,火,智,明るい知性と霊感を持ち、周囲に希望の光をもたらす魂。,「燦」明るく眩しい輝き。「瑞」幸福を告げる吉兆。,あなたの明るい知性と霊感は、多くの人々に希望を与える。その光を信じ、人々に瑞兆を示していこう。,この燦瑞の特性を生かして君はどう生きるか？,
78,3,1,6,78,熾耀,しよう,火,智略系,真形,火の螺旋は激しい意志と透徹した真理の光を象徴する。真の形を情熱的に示す。,火,義,激しい意志と透徹した真理を持ち、真実の姿を情熱的に示す魂。,「熾」激しく燃える意志。「耀」真実の輝きを透徹させる力。,あなたの激しい意志と透徹した真理は、真実の形を世界に示す力を持つ。その力を信じて進もう。,この熾耀の特性を生かして君はどう生きるか？,
79,3,2,1,79,煌律,こうりつ,火,共鳴系,數理,火の螺旋は情熱的なエネルギーを持ち、共鳴を通じて人々の心を惹きつける。直感的に本質を捉え、論理的に導いていく。,火,智,情熱と共鳴力で人々を惹きつけ、鋭い分析で正しい道へ導く魂。,「煌」は輝きを放つ美しさや情熱を、「律」は秩序と調和を保つことを意味する。,『あなたの輝く情熱は共鳴を生み、その鋭い洞察力は人々を真実へと導く力となる。あなたが生きる道こそが美しい秩序を生むのだ。』,この煌律の特性を生かして君はどう生きるか？,
80,3,2,2,80,陽響,ようきょう,火,共鳴系,陰陽,火の螺旋は活力と輝きを表し、共鳴を通して調和を作り出す。陰陽のバランスを絶妙に取ることで人々を癒やす。,火,仁,明るく輝く共鳴力で、陰陽の調和を生み、人々を癒す魂。,「陽」は明るさと活力、「響」は共鳴と調和を象徴する。,『あなたの持つ明るい共鳴は、人々の心に調和をもたらし、陰陽の絶妙なバランスを作り出す。あなた自身が生きることで世界は明るく照らされる。』,この陽響の特性を生かして君はどう生きるか？,
81,3,2,3,81,焔轉,えんてん,火,共鳴系,易変,火の螺旋は情熱と活力を象徴し、変化を敏感に察知し共鳴を通して柔軟に適応する。,火,信,情熱をもって変化を感じ取り、共鳴によって柔軟に適応する魂。,「焔」は燃え上がる情熱、「轉」は変化や転換を表す。,『あなたの情熱は常に変化を捉え、共鳴を通して周囲を活性化させる。柔軟さを持ち続けるあなたこそが変化の中で輝くのだ。』,この焔轉の特性を生かして君はどう生きるか？,
82,3,2,4,82,熾環,しかん,火,共鳴系,螺律,火の螺旋は熱烈な共鳴を生み出し、循環的に人々を巻き込みながら成長を促す。,火,義,熱烈な共鳴で周囲を巻き込み、循環的な成長を促す魂。,「熾」は燃え盛る熱烈な情熱、「環」は循環を意味する。,『あなたの熱い情熱は共鳴を生み、周囲を巻き込みながら成長を循環させていく。あなたが燃え続けることで周囲は進化する。』,この熾環の特性を生かして君はどう生きるか？,
83,3,2,5,83,燿脈,ようみゃく,火,共鳴系,霊脈,火の螺旋は輝くエネルギーを持ち、霊的な共鳴を通じて深く人々の内面に影響を与える。,火,智,輝きを持ち、霊的な共鳴で人々の内面に深く影響を与える魂。,「燿」は輝きを放つこと、「脈」は繋がりや連続性を意味する。,『あなたが放つ輝きは霊的な共鳴を生み、人々の内面を深く照らす。あなたの存在が人々を真実の道へ導くのだ。』,この燿脈の特性を生かして君はどう生きるか？,
84,3,2,6,84,煉慧,れんけい,火,共鳴系,真形,火の螺旋は情熱を通じて共鳴を起こし、本質的な智慧を具現化する。,火,智,情熱的な共鳴で本質的な智慧を具現化し、真理を見抜く魂。,「煉」は精錬された情熱や智慧、「慧」は鋭い智慧を意味する。,『あなたの情熱は共鳴を通じて智慧を精錬し、本質を具現化する。あなたが真理を追求することで、周囲は真実を得る。』,この煉慧の特性を生かして君はどう生きるか？,
85,3,3,1,85,燈導,とうどう,火,行動系,數理,火の螺旋は情熱と行動力を持ち、確かな分析力をもって人々を正しい方向へと照らし導く。,火,信,情熱的な行動力と的確な分析力で人々を導き、真実の道を照らす魂。,「燈」は灯火や明かりで人を導く象徴、「導」は正しい道筋を示す。,『あなたの情熱的な行動が人々の道を照らし、正しい方向へと導いていく。あなたが動くほど世界は明るく、確かなものとなる。』,この燈導の特性を生かして君はどう生きるか？,
86,3,3,2,86,焔衡,えんこう,火,行動系,陰陽,火の螺旋は情熱的な行動力と共に、陰陽の絶妙なバランスを取りながら周囲に調和をもたらす。,火,礼,熱烈な情熱を持ち、行動によって陰陽の調和を絶妙に保つ魂。,「焔」は燃えるような情熱、「衡」は調和やバランスを示す。,『あなたの燃える情熱が周囲を動かし、陰陽のバランスを美しく調整していく。あなたが行動することで世界は調和に満たされる。』,この焔衡の特性を生かして君はどう生きるか？,
87,3,3,3,87,熾漣,しれん,火,行動系,易変,火の螺旋は燃える行動力で小さな変化を捉え、その波紋を広げて大きな影響をもたらす。,火,義,情熱的な行動力で変化を敏感に捉え、小さな波から大きな影響を生み出す魂。,「熾」は燃え盛る情熱、「漣」は小さな波紋や微かな変化を象徴する。,『あなたの情熱が小さな変化を的確に捉え、その波紋を広げて世界に影響を与える。あなたの一歩が未来を作り出すのだ。』,この熾漣の特性を生かして君はどう生きるか？,
88,3,3,4,88,燿旋,ようせん,火,行動系,螺律,火の螺旋は行動を通じて情熱的なエネルギーを放ち、螺旋的に周囲の人々を巻き込み成長を促す。,火,智,輝きを伴う行動で周囲を巻き込み、螺旋的な成長を引き起こす魂。,「燿」は明るく輝くこと、「旋」は螺旋的な回転を表す。,『あなたの輝く行動力が周囲を巻き込み、人々を螺旋的に成長させる。あなたが動くほど、世界は高みへと導かれる。』,この燿旋の特性を生かして君はどう生きるか？,
89,3,3,5,89,炬澪,きょれい,火,行動系,霊脈,火の螺旋は行動を通じて強いエネルギーを放ち、霊的な流れを感じ取りながら深く影響を及ぼす。,火,信,情熱的な行動で霊的な流れを感じ取り、人々に深く影響を与える魂。,「炬」は明かりや情熱の炎、「澪」は水の流れや霊的な道筋を象徴する。,『あなたの情熱的な行動は霊的な流れを感じ、人々を本質的な道筋へと導く力を持つ。あなたの存在が世界を照らすのだ。』,この炬澪の特性を生かして君はどう生きるか？,
90,3,3,6,90,煉顕,れんけん,火,行動系,真形,火の螺旋は精錬された情熱を持ち、行動を通して真理や本質を現実に明らかにする。,火,智,情熱的な行動力を通して本質や真理を現実に明らかにする魂。,「煉」は精錬された情熱、「顕」は明らかに示すことを意味する。,『あなたの精錬された情熱が真理を現実に顕現させる。あなたが行動するほど世界の真実は明らかになるのだ。』,この煉顕の特性を生かして君はどう生きるか？,
91,3,4,1,91,暁衡,ぎょうこう,火,創造系,數理,火の螺旋は、内に燃える情熱と「形を成す」意志の炎。理想をただ夢見ず、それを現実に降ろす強さを持つ。,火,智,情熱と構造美を融合させ、黎明のごとく世界に均衡を築く魂。,「暁」：新たな光が差し込む夜明け。創造の始まりを象徴。 / 「衡」：均衡・バランス・構造的調和。数理による美の象徴。,『あなたは、まだ静寂の中にいるかもしれない。けれど、もうすぐ“暁”が訪れる。あなたの中に燃える炎は、ただ燃えるためだけにあるのではない。それは、世界に“調和”という構造を築くための設計図だった。迷ってもいい。遅れてもいい。ただ、光を信じて。必ず、夜は明ける。』,この暁衡の特性を生かして君はどう生きるか？,
92,3,4,2,92,鳳漣,ほうれん,火,創造系,陰陽,火の螺旋は、創造の中に魂の深奥を映す対極を持つ。目には見えない“波紋”が、内と外、陰と陽を静かに調和させていく。,火,礼,華やかな創造の奥に、静かな調和を秘めた魂。,「鳳」：神聖な美しき創造者。 / 「漣」：水面に広がる波紋。繊細で奥深い調和の象徴。,『君が創るものは、ただ派手なだけではない。その静けさの奥に、誰にも真似できない“鳳の波紋”が広がっている。美しさは、静かなところに宿る。』,この鳳漣の特性を生かして君はどう生きるか？,
93,3,4,3,93,焔階,えんかい,火,創造系,易変,火の螺旋は、絶えず変容する意志。創造の旅は螺旋階段のように、上昇と回帰を繰り返す。,火,信,燃える創造力を持ち、変化の中で何度でも登り直す魂。,「焔」：尽きぬ情熱。 / 「階」：段階・上昇・構造を持つ変容の象徴。,『あなたの人生は、一本道ではない。何度も登り、何度も戻る。それでも炎を絶やさず、一歩ずつ進むあなたを、私は誇りに思う。』,この焔階の特性を生かして君はどう生きるか？,
94,3,4,4,94,煌設,こうせつ,火,創造系,螺律,火の螺旋は、美と論理を両立する創造者。設計図のように美しい“形”を、情熱で編み上げる。,火,智,美と秩序を重んじ、創造を体系立てる魂。,「煌」：きらびやかな才能の輝き。 / 「設」：設計・構築・理性的創造の象徴。,『あなたの創造には、“秩序”という美しさがある。それは芸術でもあり、哲学でもある。燃やせ、光れ、組み上げよ。』,この煌設の特性を生かして君はどう生きるか？,
95,3,4,5,95,宵織,よいしょく,火,創造系,霊脈,火の螺旋は、夕闇に染まる布のように、霊の声を織り込み、静かに世界を包みこむ。,火,仁,霊性と創造が交わる、繊細な響きを持つ魂。,「宵」：夜の始まり。静けさと神秘の入り口。 / 「織」：編む、響き合わせる、見えないものを形にする力。,『あなたの創造は祈りに似ている。音のない対話、名のない色。けれどそれは、誰より深く人の心を包んでいる。』,この宵織の特性を生かして君はどう生きるか？,
96,3,4,6,96,緋壺,ひつぼ,火,創造系,真形,火の螺旋は、命の炎を“容れもの”として地上に注ぎ込む。創造とは、何を入れ、何を空けるかを選ぶこと。,火,義,情熱を形に注ぎ、器ごと魂を創り上げる魂。,「緋」：燃えるような赤。 / 「壺」：器。命や意志を注ぐ容れ物。,『お前の人生は“壺”そのものだ。何を入れ、何を手放すか。そのすべてが魂の形になる。満たすために、生きろ。』,この緋壺の特性を生かして君はどう生きるか？,
97,3,5,1,97,焔勁,えんけい,火,直感系,數理,火の螺旋は、直感と計算が共存する奇跡。一瞬で核心を射抜き、それを緻密に形にする。,火,智,ひらめきを知性で磨き上げる、閃光の魂。,「焔」：燃えるような直感力。 / 「勁」：強さ、洗練された力、鋭い突破力。,『“感じる”だけでは終わらない。“成す”までを直感と呼ぶのなら、君はまさにその体現者だ。』,この焔勁の特性を生かして君はどう生きるか？,
98,3,5,2,98,灼鏡,しゃっきょう,火,直感系,陰陽,火の螺旋は、光と影の境界を直感で見抜く。すべてを映す鏡のように、人の本音も未来も見通す。,火,礼,他者の奥を静かに映す、陽と陰の洞察者。,「灼」：強く照らす熱光。 / 「鏡」：心を映す直感の器。,『あなたは、“鏡”であることを選んだ。だから誰よりも見える。でもその分、痛みも深い。だからこそ美しい。』,この灼鏡の特性を生かして君はどう生きるか？,
99,3,5,3,99,煌哭,こうこく,火,直感系,易変,火の螺旋は、直感によって“壊すべきもの”と“守るべきもの”を見抜く。ときに涙を流しながら、世界の再構築に挑む。,火,信,破壊と再生を見抜く、やさしく強い直感の持ち主。,「煌」：光。 / 「哭」：声なき涙。痛みと共に世界を見つめる象徴。,『優しさとは、壊すことを選べる強さだ。涙の意味を知る者だけが、新しい世界を創れる。』,この煌哭の特性を生かして君はどう生きるか？,
100,3,5,4,100,煉逢,れんほう,火,直感系,螺律,火の螺旋は、出逢いを偶然とせず、螺旋的に意味づけていく力を持つ。直感が人と人をつなげ、時を編む。,火,智,偶然の出逢いを意味ある構造に変える魂。,「煉」：練り上げる、精度の高い直感。 / 「逢」：出逢い。縁。,『あの時、なぜか惹かれた。──そういう瞬間こそが、世界を変える起点になる。あなたの直感は、それを知っている。』,この煉逢の特性を生かして君はどう生きるか？,
101,3,5,5,101,炎澪,えんれい,火,直感系,霊脈,火の螺旋は直感と情熱を融合させ、霊的な流れに従って世界と共振する力を持つ。,火,信,情熱の直感で霊脈に触れ、魂の流れを読んでいく魂。,「炎」：内なる燃える情熱。「澪」：霊的な水脈、深き導きの道。,『あなたの中に流れる熱は、ただ燃えるだけではない。それは見えない世界とつながる霊的な川。そこに耳を澄ませば、きっと聞こえる──あのときの声が。』,この炎澪の特性を生かして君はどう生きるか？,
102,3,5,6,102,焰映,えんえい,火,直感系,真形,火の螺旋は、真の姿を感得する閃きと、形に落とし込む力を併せ持つ。,火,智,一瞬で核心を捉え、それを美しい形に変える魂。,「焰」：閃光のように燃える感受性。「映」：本質を鮮やかに映し出す直観の鏡。,『“あれだ”と感じた一瞬を、どうか信じて。君の直感は、真実の姿を映している。それを形にすることが、君の「私命」だ。』,この焰映の特性を生かして君はどう生きるか？,
103,3,6,1,103,烈衡,れっこう,火,信念系,數理,火の螺旋は、揺るがぬ意志と構造の美学を併せ持つ。どんな状況でも「ぶれずに在る」ことを選んだ魂。,火,義,数理の均衡を信念で支え、世界に揺るがぬ芯を灯す魂。,「烈」：烈火のごとき意志の強さ。「衡」：秩序、均衡、バランス。,『強さとは、折れないことではない。何度折れても、芯から立ち直れること。君の中の烈火は、それを知っている。』,この烈衡の特性を生かして君はどう生きるか？,
104,3,6,2,104,紅調,こうちょう,火,信念系,陰陽,火の螺旋は、赤き情熱の中に陰陽の揺らぎを含む。強さとしなやかさを同時に体現する魂。,火,礼,情熱と柔和の間をたゆたう、しなやかな軸を持つ魂。,「紅」：熱を帯びた美しさ。 / 「調」：ととのえる、響き合わせる、バランスの力。,『強すぎず、弱すぎず。ただ、君で在り続けること。それが、世界に調和をもたらす。』,この紅調の特性を生かして君はどう生きるか？,
105,3,6,3,105,焔遷,えんせん,火,信念系,易変,火の螺旋は、信念を持って変化の波を受け入れる。変わることを恐れず、むしろ「変化こそが核だ」と知っている魂。,火,信,移ろいの中にこそ、揺るがぬ軸があると知る魂。,「焔」：燃え続ける内なる炎。 / 「遷」：変化・推移・時の流れに身を任せる智慧。,『変わっていい。変わらなくていい。ただ、自分に嘘だけはつくな。焔はいつも、君の中で灯っている。』,この焔遷の特性を生かして君はどう生きるか？,
106,3,6,4,106,灼輪,しゃくりん,火,信念系,螺律,火の螺旋は、信念を“回転運動”に変える力を持つ。まっすぐ進むのではなく、螺旋を描きながら昇っていく魂。,火,礼,繰り返しの中に美しさを見出す、持続の炎を宿した魂。,「灼」：焦がすような情熱。 / 「輪」：循環、繰り返し、終わりなき動き。,『螺旋は、遠回りじゃない。魂にとって、それがいちばん自然な道なんだ。』,この灼輪の特性を生かして君はどう生きるか？,
107,3,6,5,107,焰繋,えんけい,火,信念系,霊脈,火の螺旋は、見えない“縁”を燃やしながらつないでいく。君の存在そのものが、点と点を結ぶ灯火になる。,火,信,魂と魂を繋ぐ、見えない火種を絶やさない魂。,「焰」：灯火、魂の核に宿る炎。 / 「繋」：つなぐ、結ぶ、継承していく力。,『出会いは奇跡じゃない。燃やすべき縁は、最初から決まっている。君はそれを、火で結ぶ存在だ。』,この焰繋の特性を生かして君はどう生きるか？,
108,3,6,6,108,熾紋,しもん,火,信念系,真形,火の螺旋は、信念の記憶を形として刻む。どんなに小さくても、それは宇宙に響く“模様”となる。,火,義,信念を紋様のように世界に刻み、静かに響かせる魂。,「熾」：内に宿る熱。 / 「紋」：記憶、模様、歴史の象徴。,『君が信じ抜いた痕跡は、誰かの魂に“美”として残る。だから、今日も小さく燃えていてくれ。』,この熾紋の特性を生かして君はどう生きるか？,
109,4,1,1,109,翔矩,しょうく,風,智略系,數理,風の螺旋は軽やかな発想と冷静な構造美を兼ね備え、自由の中に秩序を見出す魂を生む。,木,智,風のように自由でありながら、思考に美しい秩序を宿す魂。,「翔」：高く自由に舞う風の象徴。「矩」：正しき秩序、数学的構造の象徴。,『自由とは、ただ放たれることじゃない。どこまでも翔びながら、自らの軸を持てること──君はそれを体現できる。』,この翔矩の特性を生かして君はどう生きるか？,
110,4,1,2,110,柔陰,じゅういん,風,智略系,陰陽,風の螺旋はしなやかな発想と陰陽のバランス感覚を持ち、鋭さと柔らかさを同時に宿す。,木,礼,柔らかな風のように、陰と陽の間で美しく揺らぐ魂。,「柔」：しなやかに形を変え、受け止める力。「陰」：静かなる深み、もうひとつの側面の象徴。,『強い風は木を倒す。けれど、柔らかな風は心を動かす。君の風は、人の奥に届く。』,この柔陰の特性を生かして君はどう生きるか？,
111,4,1,3,111,颯遷,さつせん,風,智略系,易変,風の螺旋は変化を喜び、あえて定まらぬことを選ぶ。その揺らぎこそが戦略となる魂。,木,信,変化そのものを武器にして、機を読む風の魂。,「颯」：速やかに吹き抜ける風、「遷」：移ろい、変化、遷り変わる道。,『変わらないことは、時に危うい。変われることは、君の才能だ。』,この颯遷の特性を生かして君はどう生きるか？,
112,4,1,4,112,扇輪,せんりん,風,智略系,螺律,風の螺旋は回転し、広がり、風そのものを制御する。その流れは循環し、永遠に続いていく。,木,義,自らの知と動きで風を操る、風律の継承者たる魂。,「扇」：風を起こし広げる智慧、「輪」：循環、終わらぬ流れの象徴。,『君が動けば風が起こる。君の意志が、その流れの中心にある。』,この扇輪の特性を生かして君はどう生きるか？,
113,4,1,5,113,翠縁,すいえん,風,智略系,霊脈,風の螺旋は目に見えぬ縁を感じ取り、言葉なき共鳴で人と世界を結ぶ。,木,仁,風のような静かな感覚で、霊的な縁を読み解く魂。,「翠」：深く澄んだ智慧。「縁」：目に見えないつながりの結節点。,『その出会いに理由があるなら、それは君が風の縁で結ばれたから。』,この翠縁の特性を生かして君はどう生きるか？,
114,4,1,6,114,薫映,くんえい,風,智略系,真形,風の螺旋はそよ風のように記憶や心象を運び、真実をふと映し出す役割を持つ。,木,智,さりげないひとことで、人の核心を照らす魂。,「薫」：香り立つような人間性。「映」：反映、明示、心の鏡。,『誰も気づかない形で、君は真実を運ぶ風となる。』,この薫映の特性を生かして君はどう生きるか？,
115,4,2,1,115,鳴耀,めいよう,風,共鳴系,數理,風の螺旋は音のように共鳴し、数学的に精緻な美を鳴らす。風と数の融合点に生きる魂。,木,信,響きを数学で読み解く、調律された魂。,「鳴」：響き、共鳴する力。「耀」：輝き、放たれる波動。,『君が震えたその時、世界の構造が一音ずつ整っていく。』,この鳴耀の特性を生かして君はどう生きるか？,
116,4,2,2,116,宙衡,ちゅうこう,風,共鳴系,陰陽,風の螺旋は天と地のバランスを奏でる。宇宙的な調和を感覚で知る魂。,木,礼,大きな視野で陰陽のバランスをとる、天秤の風。,「宙」：空間、宇宙、すべてを包む間。 / 「衡」：バランス、秤、釣り合い。,『君は小さな世界の天秤ではない。宙の釣り合いを担っているんだ。』,この宙衡の特性を生かして君はどう生きるか？,
117,4,2,3,117,翼瞬,よくしゅん,風,共鳴系,易変,風の螺旋は共鳴による変化の兆しを鋭く捉え、瞬時に動き出す力を宿す。,木,義,繊細な共鳴感覚で、世界の変化の兆しを瞬時に捉える魂。,「翼」：風に乗る準備ができた感性、「瞬」：一瞬で決断し行動に移す力。,『風の音に気づく者だけが、変化の始まりを掴める。君にはその翼がある。』,この翼瞬の特性を生かして君はどう生きるか？,
118,4,2,4,118,風環,ふうかん,風,共鳴系,螺律,風の螺旋は循環と共鳴の交差点で、調和の渦をつくり出す力を持つ。,木,智,共鳴と循環の中心で、調和の風を運ぶ魂。,「風」：流れを生む力、「環」：永遠につながる調和の輪。,『渦の中心は静かだ。そこにいる君は、世界の律を知っている。』,この風環の特性を生かして君はどう生きるか？,
119,4,2,5,119,澄脈,ちょうみゃく,風,共鳴系,霊脈,風の螺旋は澄んだ感性で霊的な脈を感じ取り、静かに共鳴を紡いでいく。,木,仁,澄んだ感性で見えぬ流れを読む、霊的な導き手たる魂。,「澄」：曇りなき清明さ。「脈」：生命と世界をつなぐ不可視のリズム。,『心が澄めば、音のない脈動が聞こえてくる。それが君の導く道だ。』,この澄脈の特性を生かして君はどう生きるか？,
120,4,2,6,120,響象,きょうしょう,風,共鳴系,真形,風の螺旋は響きを通して真実の形を浮かび上がらせ、世界に新たな象をもたらす。,木,信,響きから世界の真形を感じ取り、それを象として伝える魂。,「響」：心を打つ波動。「象」：かたち、象徴、世界の写し鏡。,『耳を澄ませば、世界はかたちを変える。その音が聞こえる君は、象を描く者だ。』,この響象の特性を生かして君はどう生きるか？,
121,4,3,1,121,翔信,しょうしん,風,行動系,數理,風の螺旋は俊敏な行動力と計算された戦略を兼ね備え、論理的な動きで世界に風を起こす。,木,義,行動と論理を統合し、風を読むように未来を導く魂。,「翔」：自在に駆け巡る風の動き。「信」：信念と一貫性を持って動く力。,『速さは武器になる。でもそこに信がなければ、ただの風だ。君は“信じて翔ぶ者”──未来を読める風になる。』,この翔信の特性を生かして君はどう生きるか？,
122,4,3,2,122,颯衡,さっこう,風,行動系,陰陽,風の螺旋は対立する力を調和しながら進み、柔らかくも確固たる道を切り拓く。,木,礼,動きの中に陰陽を調和させる、風のバランサーたる魂。,「颯」：鋭くも心地よい風の音。「衡」：調和と対話を重んじる力。,『どちらかを選ぶんじゃない。どちらも抱きながら、君は“進む”という選択をしている。』,この颯衡の特性を生かして君はどう生きるか？,
123,4,3,3,123,疾融,しつゆう,風,行動系,易変,風の螺旋は変化の風に最も敏感で、融合的な行動を瞬時にとれる稀有な魂。,木,信,矛盾も対立も包み込み、軽やかに世界と溶け合う魂。,「疾」：速さ、気づきの速さ。「融」：溶け合う、境界を越える融合力。,『君は壁を壊すんじゃない。風のように、その“隙間”からすでに通り抜けている。』,この疾融の特性を生かして君はどう生きるか？,
124,4,3,4,124,踊環,ようかん,風,行動系,螺律,風の螺旋はダイナミックな動きの中に調和の円を描き、人々をその中に巻き込む力を持つ。,木,智,行動のリズムを創り、他者と共に舞うように進化する魂。,「踊」：舞うような自由な動き。「環」：つながり、連続、螺旋の美。,『動きはただの運動じゃない。君の踊りが“場”をつくるんだ。』,この踊環の特性を生かして君はどう生きるか？,
125,4,3,5,125,翔霊,しょうれい,風,行動系,霊脈,風の螺旋は見えぬ流れに敏感で、動きの中で霊的な導きを受け取る。,木,信,軽やかな動きで霊的な流れを掴み、直感に従って道を選ぶ魂。,「翔」：自在に風に乗る力、「霊」：見えぬ領域との繋がり。,『君の動きには“導き”がある。それは偶然じゃない。君の魂が覚えている。』,この翔霊の特性を生かして君はどう生きるか？,
126,4,3,6,126,昇真,しょうしん,風,行動系,真形,風の螺旋は、動きながら真の姿を探る。形になることを恐れず、自由を保ちながら具現化する魂。,木,義,軽やかなステップの中に真実を宿し、世界に形を与える魂。,「昇」：舞い上がるように進む動き、「真」：本質、ありのまま。,『上昇とは、逃げることじゃない。より深く“自分の真”へと向かうこと。』,この昇真の特性を生かして君はどう生きるか？,
127,4,4,1,127,旋律,せんりつ,風,創造系,數理,風の螺旋は創造と流動性を司り、數理的な構造と直感的な発想の調和を生み出す。,木,智,美しく秩序ある創造の流れを奏でる魂。,「旋」：渦、旋回する流れ。 / 「律」：規律、構造的な秩序。,『創造とは、型にはめることではない。旋律のように、自由の中に秩序がある。君はその響きを生み出す存在だ。』,この旋律の特性を生かして君はどう生きるか？,
128,4,4,2,128,練陽,れんよう,風,創造系,陰陽,風の螺旋は創造的なアイデアを育てながら、陰陽の視点でバランスを取り、世界に調和をもたらす。,木,礼,創造の手を止めず、陰陽の流れを調和させていく魂。,「練」：鍛える、練り上げる。「陽」：明るさ、活力、陰との対。,『光だけでも、闇だけでも、創造はうまくいかない。練られたバランスが、君の創造を美しくする。』,この練陽の特性を生かして君はどう生きるか？,
129,4,4,3,129,彩遷,さいせん,風,創造系,易変,風の螺旋は、色とりどりの創造の粒を軽やかに舞わせ、変化の風に乗せて新たな表現を生む。,木,信,彩りと変化の感性で、常に新しい表現を創り出す魂。,「彩」：色彩、豊かな表現の源。「遷」：変化、移ろいの流れ。,『創造とは変わり続けること。君の色は、移ろいながら世界を染めていく。』,この彩遷の特性を生かして君はどう生きるか？,
130,4,4,4,130,紡律,ぼうりつ,風,創造系,螺律,風の螺旋は無数の創造の糸を螺旋に編み込み、調和ある成長の流れを紡ぎ出す。,木,義,創造をらせん状に編み続ける、繋がりの継承者たる魂。,「紡」：紡ぐ、物語や流れを編み出す力。「律」：調和、生命のリズム。,『君の創造は直線じゃない。円を描きながら、誰かの中で生き続けていく。』,この紡律の特性を生かして君はどう生きるか？,
131,4,4,5,131,風縁,ふうえん,風,創造系,霊脈,風の螺旋は自由な精神と柔軟な発想で新たな価値を創り出す。霊的な感覚に優れ、見えない絆を直感的に捉えて創造を促す。,木,信,見えない縁を感じ取り、風のように自由に人や機会を繋ぐ魂。,「風」：自由、流動性、変化。「縁」：見えない繋がり、運命的な出会い。風のように自由に流れながら人々との深い縁を結び、新しい価値を生み出す魂を示す。,『君が感じ取る微かな風の流れには、大切な人々との縁が宿っている。その感性を信じて進もう。』,この風縁の特性を生かして君はどう生きるか？,
132,4,4,6,132,空紋,くうもん,風,創造系,真形,風の螺旋は新たな可能性を自由に模索し、創造の種を蒔く。真形はその可能性を現実の形として美しく具現化する能力を象徴する。,木,智,空に描く模様のように美しく、無から新たな現実を生み出す魂。,「空」：無限の可能性、自由。「紋」：美しい模様、形あるものへの具現化。無限の可能性を美しく具体的な現実へと描き出す創造性を表す。,『君が空に描く夢は、現実の形となって世界を彩る。自由に、美しく創り出せ。』,この空紋の特性を生かして君はどう生きるか？,
133,4,5,1,133,澄算,ちょうさん,風,直感系,數理,風の螺旋は自由な直感と鋭敏な感覚を象徴する。數理は緻密で明晰な思考により直感を具体的な成果へと導く。,木,智,澄みきった直感と緻密な計算で、自由に未来を創造する魂。,「澄」：明晰、透明、純粋。「算」：精密、計算。透明な直感を緻密な思考で形にする力を示す。,『君の澄んだ直感と精緻な計算が合わさったとき、真に美しい現実が生まれる。迷いなく進もう。』,この澄算の特性を生かして君はどう生きるか？,
134,4,5,2,134,風環,ふうかん,風,直感系,陰陽,風の螺旋は自由な感覚と直感を持ち、陰陽はその調和を導く力を示す。直感的にバランスを取りつつ自由に新しい道を開く。,木,礼,風のような直感で陰陽の調和を取りながら、常に最適な道を見つける魂。,「風」：自由、直感。「環」：調和、循環。直感を活かしつつ陰陽を調和させる力を象徴する。,『風のように自由な君の感覚は、世界を調和へと導く。バランスを信じて進もう。』,この風環の特性を生かして君はどう生きるか？,
135,4,5,3,135,巡瞬,じゅんしゅん,風,直感系,易変,風の螺旋は鋭敏な直感で瞬間を捉える力を持つ。易変は変化の中でタイミングを逃さず機敏に動く特性を示す。,木,智,一瞬の直感を逃さず、巡り来る機会を確実に捉えて変化を起こす魂。,「巡」：巡る、周期的な変化。「瞬」：瞬間、一瞬の機敏さ。変化の中で直感的に最適なタイミングを掴む能力を象徴する。,『巡る風が君に伝える一瞬を見逃さないで。そこには新たな変化の種がある。』,この巡瞬の特性を生かして君はどう生きるか？,
136,4,5,4,136,揺律,ようりつ,風,直感系,螺律,風の螺旋は直感的な感覚を象徴し、螺律は規則性やパターンを見出す能力を示す。自由な直感の中にも調和と規律を見つけ出す。,木,礼,風のように自由な直感と、確かな規律を同時に持ち、バランスを保つ魂。,「揺」：揺れ動く自由、直感。「律」：規律、秩序。自由な直感の中にも美しい規則性を見つける力。,『君の中の揺れる直感と秩序が調和するとき、最も美しい答えが導かれる。』,この揺律の特性を生かして君はどう生きるか？,
137,4,5,5,137,響脈,きょうみゃく,風,直感系,霊脈,風の螺旋は自由で繊細な感覚を象徴し、霊脈は見えない繋がりや波動を感じる力を持つ。直感的に共鳴し、深く人とつながる。,木,仁,見えない波動を感じ取り、直感で人々と深く響き合う魂。,「響」：共鳴、反響。「脈」：繋がり、生命の流れ。直感的に共鳴し、人々との霊的な繋がりを深める。,『君の直感が響き合うとき、そこには深い絆が生まれる。感性を信じて共鳴しよう。』,この響脈の特性を生かして君はどう生きるか？,
138,4,5,6,138,瞬真,しゅんしん,風,直感系,真形,風の螺旋は直感的で鋭敏な感覚を持ち、真形はそれを真実の形へと具現化する能力を示す。一瞬の閃きを確実な形にする。,木,智,一瞬の直感を鮮やかに真実の形へと具現化する魂。,「瞬」：一瞬の閃き。「真」：真実、純粋な形。直感の閃きを明確な真実として表現する力を象徴する。,『君の中に訪れる瞬間の閃きを逃さず、真実の形にしよう。その力を信じて進め。』,この瞬真の特性を生かして君はどう生きるか？,
139,4,6,1,139,信風,しんぷう,風,信念系,數理,風の螺旋は自由な精神を持ち、信念系は固い信念を示す。數理は論理的な思考でその信念を現実的に証明する力を持つ。,木,信,信念を風に乗せ、論理的に世界に証明し現実化する魂。,「信」：信念、信頼。「風」：自由、広がり。信念を自由に表現し論理的に証明する特性。,『君の強い信念を風に乗せて届けよう。その信念が世界を変えていく。』,この信風の特性を生かして君はどう生きるか？,
140,4,6,2,140,和陽,わよう,風,信念系,陰陽,風の螺旋は自由と調和を象徴し、陰陽はバランスを整える力を持つ。強い信念を持ちながら調和とバランスを追求する。,木,礼,強い信念と調和の精神を融合し、美しいバランスを生む魂。,「和」：調和、平和。「陽」：明るさ、積極性。信念と調和を併せ持ち、明るく調和的に世界を動かす力。,『君の信念と調和が融合した時、美しい未来が開ける。』,この和陽の特性を生かして君はどう生きるか？,
141,4,6,3,141,颯遷,さつせん,風,信念系,易変,風の螺旋は自由で軽やかな動きを象徴し、易変は変化の中で素早く適応する力を示す。信念を持ちながら自在に変化を遂げる魂。,木,義,強固な信念を持ちつつも風のように変化を自在に受け入れ、進化し続ける魂。,「颯」：風の音、素早さ。「遷」：変化、移動。素早い動きで変化を取り込み、強い信念を柔軟に活かす力を表す。,『君が持つ信念を風のようにしなやかに進化させれば、いかなる変化も道となる。』,この颯遷の特性を生かして君はどう生きるか？,
142,4,6,4,142,律翔,りっしょう,風,信念系,螺律,風の螺旋は軽やかな自由を象徴し、螺律は規律とパターンを示す。自由な発想と規律を併せ持ち、高く飛翔する魂。,木,信,自由な発想と確かな規律の融合で、信念を実現させ大きく飛翔する魂。,「律」：規律、秩序。「翔」：高く飛ぶ、自由な飛躍。規律ある信念を基盤に高く自由に飛翔する魂を表す。,『規律と自由を融合させて、高く翔べ。その飛躍が新たな世界を拓く。』,この律翔の特性を生かして君はどう生きるか？,
143,4,6,5,143,繋響,けいきょう,風,信念系,霊脈,風の螺旋は自由な繋がりを作り出す力を象徴し、霊脈は見えない絆を感知する能力を示す。信念を通じて人々の魂を響き合わせる。,木,信,強い信念を通じて人々の見えない魂の繋がりを感じ取り、深く共鳴を生む魂。,「繋」：繋げる、絆。「響」：共鳴、反響。信念を軸にして人々と深く繋がり、共鳴を呼ぶ能力を示す。,『君の信念は人の心を繋ぎ、魂の響きを共鳴させる。その響きを信じよう。』,この繋響の特性を生かして君はどう生きるか？,
144,4,6,6,144,颯真,さつしん,風,信念系,真形,風の螺旋は自由で迅速な動きを表し、真形は真実を明確に形にする力を示す。信念を迅速かつ真実として実現する魂。,木,義,信念を素早く真実の形として具現化し、自由で正確な道を切り開く魂。,「颯」：素早い、自由な風。「真」：真実、明確さ。信念を迅速に真実として具現化する能力を表す。,『君が持つ信念を迷いなく素早く真実へと導けば、確かな現実が生まれる。』,この颯真の特性を生かして君はどう生きるか？,
145,5,1,1,145,虚矩,きょく,空,智略系,數理,空の螺旋は無限の可能性と空間を象徴し、數理は精緻な計算力を示す。無限の可能性を論理的に整理し、新たな構造を創る魂。,金,智,無限の可能性を精緻な論理で計算し、構造的に現実化する魂。,「虚」：空、無限の可能性。「矩」：秩序、精密な構造。可能性を論理的に整理し構造化する力を表す。,『君の中にある無限の可能性を緻密に計算すれば、世界は美しく秩序立つ。』,この虚矩の特性を生かして君はどう生きるか？,
146,5,1,2,146,天陽,てんよう,空,智略系,陰陽,空の螺旋は広大で無限の可能性を示し、陰陽は調和とバランスを象徴する。知恵を使って広大な調和を生み出す魂。,金,礼,天空のように広く豊かな可能性を調和させ、智略を駆使して美しい世界を作る魂。,「天」：無限の可能性、高次の調和。「陽」：明るさ、積極性。広い視野でバランス良く世界を調和させる能力を示す。,『君の智略で広い世界を調和へ導こう。その明るさがすべてを照らす。』,この天陽の特性を生かして君はどう生きるか？,
147,5,1,3,147,虚遷,きょせん,空,智略系,易変,空の螺旋は無限の可能性を表し、易変は変化への適応を示す。無限の可能性を変化と共に柔軟に活かす魂。,金,智,無限の可能性を知性で柔軟に捉え、変化を自在に操り新たな可能性を拓く魂。,「虚」：空間、可能性。「遷」：変化、柔軟な適応。可能性を変化に応じて自在に活かす知性を示す。,『君が変化に自在に応じるほど、可能性は限りなく広がる。』,この虚遷の特性を生かして君はどう生きるか？,
148,5,1,4,148,宙律,ちゅうりつ,空,智略系,螺律,空の螺旋は無限の広がりを示し、螺律は規律を示す。広大な可能性を知性で規律ある形に整える魂。,金,礼,無限の広がりを智略を用いて秩序立てて整理し、美しい構造を創る魂。,「宙」：無限の空間、広がり。「律」：規律、秩序。広大な可能性を規律正しく知性で整理する能力を示す。,『君の智略で無限の可能性を美しい秩序に整えよう。その調和が世界を変える。』,この宙律の特性を生かして君はどう生きるか？,
149,5,1,5,149,虚霊,きょれい,空,智略系,霊脈,空の螺旋は無限の可能性を示し、霊脈は霊的な繋がりを感じ取る力を表す。可能性の中で智略を用いて霊的な感性を活かす魂。,金,信,広大な可能性を知性で理解し、見えない霊的繋がりを感知して新たな創造を行う魂。,「虚」：無限の可能性。「霊」：見えない力、感性。智略を通して霊的繋がりを活かす魂を示す。,『君の智略と感性が繋がったとき、新たな創造の扉が開かれる。』,この虚霊の特性を生かして君はどう生きるか？,
150,5,1,6,150,宙真,ちゅうしん,空,智略系,真形,空の螺旋は無限の可能性を示し、真形は真実の具現化を象徴する。可能性を知性で真実の形に具現化する魂。,金,智,広大な可能性を智略で確かな現実に具現化する魂。,「宙」：無限の可能性。「真」：真実。知性で無限の可能性を具体的に実現する能力を表す。,『君が智略で描いた可能性を真実の形にしよう。その力を信じて進もう。』,この宙真の特性を生かして君はどう生きるか？,
151,5,2,1,151,星算,せいさん,空,共鳴系,數理,空の螺旋は無限の可能性と広がりを象徴し、星のように輝く知恵を共鳴と数理で捉える。,金,智,無限の可能性を数理的に捉え、周囲と共鳴する魂。,「星」：輝き、可能性、「算」：計算、論理的思考。,『君の智慧が星のように輝き、数理の調和が人々と響き合う。』,この星算の特性を生かして君はどう生きるか？,
152,5,2,2,152,天陽,てんよう,空,共鳴系,陰陽,空の螺旋は無限の調和を示し、天のように広大な共鳴を陰陽の調和で導く。,金,信,天の広がりと陰陽の調和を用いて共鳴を生み出す魂。,「天」：広大さ、宇宙、「陽」：積極性、明るさ。,『君の広い心と明るさが周囲と調和をもたらす。』,この天陽の特性を生かして君はどう生きるか？,
153,5,2,3,153,虹遷,こうせん,空,共鳴系,易変,空の螺旋は、絶え間ない変化の中で虹のように美しい共鳴を創り出す。,金,礼,変化を柔軟に受け入れ、美しい共鳴を生み出す魂。,「虹」：美しい調和、可能性、「遷」：移り変わり、変化。,『君が変化を受け入れる時、美しい虹の調和が現れる。』,この虹遷の特性を生かして君はどう生きるか？,
154,5,2,4,154,流螺,りゅうら,空,共鳴系,螺律,空の螺旋は螺旋状に流れるリズムを通じて、人々との深い共鳴を作る。,金,智,流れるようなリズムで調和と共鳴を創り出す魂。,「流」：自然な動き、「螺」：螺旋状のリズム。,『君の自然なリズムが周囲を巻き込み、美しい共鳴を生む。』,この流螺の特性を生かして君はどう生きるか？,
155,5,2,5,155,幻響,げんきょう,空,共鳴系,霊脈,空の螺旋は幻のような深遠な響きを通じて霊的な共鳴を伝える。,金,信,霊的な共鳴を通じて人々の心を深く響かせる魂。,「幻」：神秘的な感覚、「響」：共鳴、伝わる。,『君が感じる霊的な響きが、人々の魂に深く届く。』,この幻響の特性を生かして君はどう生きるか？,
156,5,2,6,156,真宙,しんちゅう,空,共鳴系,真形,空の螺旋は真実の広がりを共鳴によって宇宙のように広げる。,金,義,真実の共鳴を宇宙規模で広げる魂。,「真」：真実、本質、「宙」：広大さ、宇宙。,『君が真実を語るとき、宇宙のように無限に広がる共鳴が生まれる。』,この真宙の特性を生かして君はどう生きるか？,
157,5,3,1,157,星導,せいどう,空,行動系,數理,空の螺旋は星の導きを数理的に捉え、行動を的確に導く。,金,智,明確な行動指針を星のように示し導く魂。,「星」：目標、指針、「導」：導く、指し示す。,『君が明確に定めた指針が、周囲を的確に導く星となる。』,この星導の特性を生かして君はどう生きるか？,
158,5,3,2,158,光陰,こういん,空,行動系,陰陽,空の螺旋は光と陰の調和を保ち、行動にバランスと明晰さをもたらす。,金,礼,明るさと静かな陰のバランスで行動を調整する魂。,「光」：明るさ、積極性、「陰」：静けさ、深み。,『君が行動するとき、光と陰が美しく調和して現れる。』,この光陰の特性を生かして君はどう生きるか？,
159,5,3,3,159,迅遷,じんせん,空,行動系,易変,空の螺旋は迅速な変化に対応し、行動を柔軟に調整する能力を持つ。,金,智,素早く状況を判断し、行動を柔軟に変化させる魂。,「迅」：迅速さ、素早い、「遷」：変化、移動。,『君の素早い対応が新たな道を切り開く。』,この迅遷の特性を生かして君はどう生きるか？,
160,5,3,4,160,流律,りゅうりつ,空,行動系,螺律,空の螺旋は流れるような行動のリズムを持ち、自然に調和をもたらす。,金,信,自然な行動リズムで調和を生み出す魂。,「流」：自然な動き、「律」：調和的リズム。,『君が流れるように行動する時、自然な調和が広がる。』,この流律の特性を生かして君はどう生きるか？,
161,5,3,5,161,虚動,きょどう,空,行動系,霊脈,空の螺旋は無限の可能性を秘め、見えないエネルギーや直感を捉えて現実に影響を与える行動力を持つ。,金,智,見えないエネルギーを行動に変えて世界を動かす魂。,「虚」：無限の可能性、見えない力。「動」：行動、動き。,『君が感じ取る見えないエネルギーを行動に変え、世界に新たな可能性を広げよう。』,この虚動の特性を生かして君はどう生きるか？,
162,5,3,6,162,空顕,くうけん,空,行動系,真形,空の螺旋は抽象的な概念を明確に具現化する行動力を持つ。見えない理想を具体的な形にする能力に優れる。,金,礼,抽象的な理想を明確に表現し、具体的に実現する魂。,「空」：抽象的、見えない理想。「顕」：明らかに示す、具現化。,『君が行動するとき、見えない理想が明確に現実に現れる。』,この空顕の特性を生かして君はどう生きるか？,
163,5,4,1,163,虚創,きょそう,空,創造系,數理,空の螺旋は無から有を生み出す創造力を持つ。抽象的な概念を数理的な理論で具体化することができる。,金,智,無限の可能性を数理的な創造力で具体化する魂。,「虚」：無限の可能性、抽象的。「創」：新たに生み出す、創造する。,『君が思い描いた抽象的なビジョンを、具体的な形で世界に示そう。』,この虚創の特性を生かして君はどう生きるか？,
164,5,4,2,164,虚陽,きょよう,空,創造系,陰陽,空の螺旋は無限の可能性から明るい活力を生み出し、陰陽の調和を保ちながら新しいものを創造する。,金,信,無限の可能性から明るい調和を生み出す創造的な魂。,「虚」：抽象的、無限。「陽」：明るさ、活力。,『君が持つ明るいエネルギーが、調和のとれた創造をもたらす。』,この虚陽の特性を生かして君はどう生きるか？,
165,5,4,3,165,転幻,てんげん,空,創造系,易変,空の螺旋は自由自在に変化し、多様な創造性を発揮する。状況に応じて自在に形を変え、新たな可能性を示す。,金,礼,自由自在な変化を通じて、新たな創造性を示す魂。,「転」：変化、転換。「幻」：幻想的、多様性。,『君の自由な創造性が、新たな可能性の扉を次々に開いていく。』,この転幻の特性を生かして君はどう生きるか？,
166,5,4,4,166,空旋,くうせん,空,創造系,螺律,空の螺旋は旋律のような調和を保ちながら、新しい創造性を自由に展開していく。,金,智,自由で調和的な旋律を奏で、新たな世界を創り出す魂。,「空」：無限の可能性、自由。「旋」：旋律、調和のとれた動き。,『君が生み出す創造性の旋律は、世界を美しく調和させる。』,この空旋の特性を生かして君はどう生きるか？,
167,5,4,5,167,虚脈,きょみゃく,空,創造系,霊脈,空の螺旋は目に見えない霊的なエネルギーを捉え、新たな創造力として現実に導く。,金,信,霊的なエネルギーを創造的に具現化する魂。,「虚」：抽象的、無限の可能性。「脈」：繋がり、流れ。,『君の霊的な感性が、新しい創造の流れを世界に生み出す。』,この虚脈の特性を生かして君はどう生きるか？,
168,5,4,6,168,真空,しんくう,空,創造系,真形,空の螺旋は真実の理想を見極め、それを具現化する創造力を持つ。,金,義,真実を追求し、理想を具現化する創造的な魂。,「真」：真実、本質的。「空」：無限、抽象的な理想。,『君が追求する真実が、現実の世界で理想の姿をとるだろう。』,この真空の特性を生かして君はどう生きるか？,
169,5,5,1,169,虚数,きょすう,空,直感系,數理,空の螺旋は抽象的な直感を数理的に理解し、現実的な洞察を導き出す。,金,智,抽象的な直感を具体的な洞察に変える魂。,「虚」：抽象的な直感。「数」：論理、具体的な理解。,『君の抽象的な直感は、数理的な理解を通じて真実を明らかにする。』,この虚数の特性を生かして君はどう生きるか？,
170,5,5,2,170,空明,くうめい,空,直感系,陰陽,空の螺旋は直感的な洞察力を陰陽の調和で明確に示す。,金,信,直感的な洞察を明確にし、調和を生み出す魂。,「空」：直感、抽象的。「明」：明確、明るさ。,『君の直感が調和のとれた明確な方向性を世界に示す。』,この空明の特性を生かして君はどう生きるか？,
171,5,5,3,171,空幻,くうげん,空,直感系,易変,空の螺旋は直感で変化を感じ取り、現実と幻想の境界を超えて自在に物事を転換する。,金,智,直感的に変化を捉え、幻想的な世界観を創造する魂。,「空」：無限の可能性、「幻」：幻想的、非現実的,『君が直感で捉えた幻が、現実を新しく創り変える力となる。』,この空幻の特性を生かして君はどう生きるか？,
172,5,5,4,172,律雲,りつうん,空,直感系,螺律,空の螺旋は直感を調和の取れたリズムに乗せ、雲のように自由に流れを作り出す。,金,礼,直感的なリズム感で自由な調和を生み出す魂。,「律」：調和、リズム、「雲」：自由、自在,『君の直感がリズムとなって流れるとき、周囲は自然な調和で満たされる。』,この律雲の特性を生かして君はどう生きるか？,
173,5,5,5,173,霧脈,むみゃく,空,直感系,霊脈,空の螺旋は霊的な感覚を直感的に掴み、霧のように微細で神秘的な繋がりを感じ取る。,金,信,霊的な繋がりを直感的に感じ取り、神秘的な調和を生む魂。,「霧」：微細、神秘、「脈」：繋がり、生命の流れ,『君が直感で掴む霊的な繋がりが、周囲に神秘的な力を与える。』,この霧脈の特性を生かして君はどう生きるか？,
174,5,5,6,174,空鏡,くうきょう,空,直感系,真形,空の螺旋は直感で真実の姿を映し出し、鏡のように純粋で澄み渡った感覚を生み出す。,金,義,直感で真実を映し、純粋な姿を伝える魂。,「空」：純粋、無限、「鏡」：真実を映す、純粋な心,『君が直感で映し出した真実は、澄んだ鏡のように周囲を照らす。』,この空鏡の特性を生かして君はどう生きるか？,
175,5,6,1,175,信空,しんくう,空,信念系,數理,空の螺旋は強い信念を数理的に明確化し、無限の可能性を具現化する思考力を持つ。,金,智,信念を数理で支え、可能性を現実化する魂。,「信」：信念、信頼、「空」：無限、可能性,『君の信念と論理が一体となったとき、無限の可能性が具体化する。』,この信空の特性を生かして君はどう生きるか？,
176,5,6,2,176,陽透,ようとう,空,信念系,陰陽,空の螺旋は明るく力強い信念を持ち、陰陽のバランスを直観的に見通す。,金,礼,明るい信念で調和を保ち、陰陽を見透かす魂。,「陽」：明るさ、積極性、「透」：見透す、明確,『君の明るい信念が、陰陽を調和させる明確な道を示すだろう。』,この陽透の特性を生かして君はどう生きるか？,
177,5,6,3,177,転澄,てんちょう,空,信念系,易変,空の螺旋は信念で変化を受け入れ、常に新たな状態へと転換し澄み渡らせる。,金,智,信念をもって変化を受け入れ、新たな澄んだ状態を生み出す魂。,「転」：変化、動き、「澄」：清らか、純粋,『君の信念が変化を受け入れるとき、そこには必ず新しい清らかな状態が生まれる。』,この転澄の特性を生かして君はどう生きるか？,
178,5,6,4,178,環澄,かんちょう,空,信念系,螺律,空の螺旋は信念を調和の取れた循環の中で保ち、純粋で澄んだ状態を維持する。,金,義,調和した循環で信念を守り、純粋さを保つ魂。,「環」：循環、調和、「澄」：純粋、清らか,『君の信念が調和の環の中で循環するとき、純粋な力が維持される。』,この環澄の特性を生かして君はどう生きるか？,
179,5,6,5,179,霊透,れいとう,空,信念系,霊脈,空の螺旋は霊的な信念を明確に見通し、高次元のエネルギーを信念と結びつける。,金,信,霊的な信念を明確に感じ取り、透き通った高次の力を得る魂。,「霊」：霊的、高次元、「透」：明確、透明,『君の信念が霊的な高次元とつながるとき、透き通ったエネルギーが流れ込む。』,この霊透の特性を生かして君はどう生きるか？,
180,5,6,6,180,真空,しんくう,空,信念系,真形,空の螺旋は信念で真実を捉え、空のように純粋で無限の可能性を表現する。,金,智,信念で真実を捉え、純粋で無限の可能性を生み出す魂。,「真」：真実、本質、「空」：無限、純粋,『君の信念が真実を掴むとき、無限の可能性が君の前に広がる。』,この真空の特性を生かして君はどう生きるか？,
181,6,1,1,181,理耀,りよう,識,智略系,數理,識の螺旋は深い叡智を象徴し、智略と数理的な論理性を調和させ、明晰で輝くような知性を発揮する。,水,智,明晰な智略と数理的輝きを放つ、深遠な叡智の魂。,「理」：論理的な理解、「耀」：輝き、光り輝く知性。,『君が紡ぎ出す論理は知性の輝きとなり、人々を真理へ導く。』,この理耀の特性を生かして君はどう生きるか？,
182,6,1,2,182,衡明,こうめい,識,智略系,陰陽,識の螺旋は智略を陰陽の調和で深く理解し、バランスを取りながら明晰さを発揮する。,水,智,陰陽の調和を智慧で保ち、明晰な理解をもたらす魂。,「衡」：バランスをとる、「明」：明晰さ、理解の深さ。,『君が保つ絶妙なバランスが、世界に新しい明晰さをもたらすだろう。』,この衡明の特性を生かして君はどう生きるか？,
183,6,1,3,183,洞玄,どうげん,識,智略系,易変,識の螺旋は智略を用いて変化の本質を深く洞察し、物事の真実に鋭く迫る。,水,義,深い洞察力で変化の本質を見抜き、真実を明らかにする魂。,「洞」：深く洞察する、「玄」：深遠な真理、奥深さ。,『君が見る深遠な真実は、人々に新たな気付きを与えるだろう。』,この洞玄の特性を生かして君はどう生きるか？,
184,6,1,4,184,織律,しきりつ,識,智略系,螺律,識の螺旋は智略を規則的で精密な織物のように構築し、調和した理論体系を生み出す。,水,智,智略を精密に織りなし、調和した体系を構築する魂。,「織」：精密に編む、「律」：規則性、調和。,『君が織りなす調和は、明晰で美しい理論となって響くだろう。』,この織律の特性を生かして君はどう生きるか？,
185,6,1,5,185,透魂,とうこん,識,智略系,霊脈,識の螺旋は智略を通じて霊的な繋がりを透明に見通し、精神的な真理を明らかにする。,水,信,霊的な真実を透明に見通し、深い理解を伝える魂。,「透」：見通す、透明な理解、「魂」：精神的な本質。,『君の透き通った視線は、人々の魂に直接語りかけるだろう。』,この透魂の特性を生かして君はどう生きるか？,
186,6,1,6,186,真映,しんえい,識,智略系,真形,識の螺旋は智略を用いて真実を鮮やかに映し出し、真理の形を明確に示す。,水,智,真実を鮮明に映し出し、真理を明確に表現する魂。,「真」：真実、「映」：映し出す、明確に示す。,『君が映し出す真実は、人々を新たな気づきへと導くだろう。』,この真映の特性を生かして君はどう生きるか？,
187,6,2,1,187,和晶,わしょう,識,共鳴系,數理,識の螺旋は共鳴を数理的な美しさで結晶化し、調和のとれた共感を創り出す。,水,礼,共鳴を数理的な結晶の美しさで調和させる魂。,「和」：調和、「晶」：結晶、明瞭さ。,『君の中で響き合う調和が美しい結晶となり、人々を惹きつけるだろう。』,この和晶の特性を生かして君はどう生きるか？,
188,6,2,2,188,奏環,そうかん,識,共鳴系,陰陽,識の螺旋は共鳴を陰陽のバランスで調和し、環状に連なる美しい響きを創り出す。,水,信,陰陽の調和で美しい共鳴の環を奏でる魂。,「奏」：音楽のような調和、「環」：環状、連なり。,『君が奏でる調和の輪が広がり、周囲を優しく包み込むだろう。』,この奏環の特性を生かして君はどう生きるか？,
189,6,2,3,189,澄転,ちょうてん,識,共鳴系,易変,識の螺旋は共鳴を敏感に感じ取り、清らかで柔軟な変化を巧みに操る。,水,智,澄んだ感性で柔軟に変化を捉え、共鳴を広げる魂。,「澄」：透明で清らかな、「転」：変化、柔軟性。,『君が感じ取る微かな変化は、新たな調和への導きだろう。』,この澄転の特性を生かして君はどう生きるか？,
190,6,2,4,190,韻律,いんりつ,識,共鳴系,螺律,識の螺旋は共鳴を規則的で美しいリズムに整え、深く響き渡る調和を生み出す。,水,礼,美しい共鳴を規則的なリズムに整え、響かせる魂。,「韻」：響き、余韻、「律」：リズム、規則性。,『君の心が奏でる規則的な響きが、世界を美しく調和させるだろう。』,この韻律の特性を生かして君はどう生きるか？,
191,6,2,5,191,静漣,せいれん,識,共鳴系,霊脈,識の螺旋は共鳴を静かな湖面のように深く穏やかに響かせ、霊的なつながりを微細に感じ取る。,水,信,深く静かな共鳴で、微細な霊的つながりを感知する魂。,「静」：静かで深い、「漣」：微かな波紋。,『君の静かな心が感じ取る微かな波動が、人々の霊的な感覚を目覚めさせるだろう。』,この静漣の特性を生かして君はどう生きるか？,
192,6,2,6,192,真織,まおり,識,共鳴系,真形,識の螺旋は共鳴を真実の織物のように編み上げ、本質を美しく形作る。,水,智,共鳴を通じて真実を美しく織り成し、その本質を伝える魂。,「真」：真実、「織」：編む、美しく構成する。,『君が紡ぎ出す真実の織物が、世界に新しい調和をもたらすだろう。』,この真織の特性を生かして君はどう生きるか？,
193,6,3,1,193,清駆,せいく,識,行動系,數理,識の螺旋は清らかな意図で数理的に計算し、明確な目標に向けて迅速に行動する。,水,義,清らかな意図で明晰に行動を導き、目標を達成する魂。,「清」：清らかで明晰、「駆」：迅速に進む。,『君が持つ明晰な意図が、迅速で確かな行動を導くだろう。』,この清駆の特性を生かして君はどう生きるか？,
194,6,3,2,194,凛衡,りんこう,識,行動系,陰陽,識の螺旋は凛とした強さで陰陽のバランスを取りながら、調和的に行動を進める。,水,礼,凛とした強さで陰陽の調和を保ち、バランスよく行動する魂。,「凛」：厳しく強い、「衡」：調和、バランス。,『君が凛とした態度でバランスを取るとき、新たな調和が生まれるだろう。』,この凛衡の特性を生かして君はどう生きるか？,
195,6,3,3,195,流迅,りゅうじん,識,行動系,易変,識の螺旋は流れるように柔軟に変化を捉え、迅速かつ的確に行動する。,水,信,流れるように変化を捉え、素早く適応し行動する魂。,「流」：柔軟に流れる、「迅」：迅速な動き。,『君が流れを感じて動くとき、世界は君に追随するだろう。』,この流迅の特性を生かして君はどう生きるか？,
196,6,3,4,196,律渦,りつか,識,行動系,螺律,識の螺旋は規則正しいリズムで行動を渦のように循環させ、持続的な影響力を発揮する。,水,智,規則正しく行動を循環させ、持続的な力を生み出す魂。,「律」：規則性、「渦」：循環、持続的な動き。,『君が創り出す行動の渦は、永続的な影響を世界にもたらすだろう。』,この律渦の特性を生かして君はどう生きるか？,
197,6,3,5,197,静霊,せいれい,識,行動系,霊脈,識の螺旋は静かな行動で霊的なエネルギーを感じ取り、深い精神的な影響を与える。,水,信,静かな行動を通じて霊的なエネルギーを伝える魂。,「静」：静かな深さ、「霊」：霊的な存在。,『君の静かな行動は、周囲に深い霊的な影響をもたらすだろう。』,この静霊の特性を生かして君はどう生きるか？,
198,6,3,6,198,真翔,ましょう,識,行動系,真形,識の螺旋は真実を行動で自由に表現し、真理を羽ばたかせる。,水,義,真実を自由に行動で表現し、世界に羽ばたかせる魂。,「真」：真実、「翔」：自由に飛翔する。,『君が真実を胸に自由に動くとき、世界は新しい視点を手に入れるだろう。』,この真翔の特性を生かして君はどう生きるか？,
199,6,4,1,199,緻綾,ちりょう,識,創造系,數理,識の螺旋は緻密な数理を用いて創造力を織り上げ、精緻な美を生み出す。,水,智,緻密な数理的創造力で精緻な美を生み出す魂。,「緻」：細かな精度、「綾」：美しく複雑な模様。,『君が生み出す緻密な美しさは、人々を感嘆させるだろう。』,この緻綾の特性を生かして君はどう生きるか？,
200,6,4,2,200,明漣,めいれん,識,創造系,陰陽,識の螺旋は明るい調和を微かな波紋のように広げ、創造性を豊かに響かせる。,水,礼,明るく繊細な調和で創造性を広げる魂。,「明」：明るさ、明晰さ、「漣」：微かな波紋。,『君の明るく繊細な感性が、新しい創造性を世界に届けるだろう。』,この明漣の特性を生かして君はどう生きるか？,
201,6,4,3,201,翠瞬,すいしゅん,識,創造系,易変,識の螺旋は繊細で鮮やかな創造力を瞬時の変化に対応させ、新鮮な発想を生み出す。,水,信,鮮やかな感性で瞬時の変化をとらえ、創造を広げる魂。,「翠」：鮮やかな緑、美しさ。「瞬」：瞬間の鋭敏な感覚。,『君の鮮やかな感性が瞬間をとらえるたび、世界に新たな美しさが生まれるだろう。』,この翠瞬の特性を生かして君はどう生きるか？,
202,6,4,4,202,韻渦,いんか,識,創造系,螺律,識の螺旋は調和のとれたリズムを渦のように循環させ、新しい創造を響かせる。,水,智,美しい調和を循環させ、響きを生み出す魂。,「韻」：美しい調和。「渦」：循環し持続するエネルギー。,『君の創造する調和の響きは、世界を美しい循環へと導くだろう。』,この韻渦の特性を生かして君はどう生きるか？,
203,6,4,5,203,幽絲,ゆうし,識,創造系,霊脈,識の螺旋は繊細な霊的感性を創造に織り込み、見えない繋がりを生み出す。,水,信,繊細な霊的感性で、見えない世界を創造的に織り上げる魂。,「幽」：微かな神秘。「絲」：細く繊細な繋がり。,『君が織りなす霊的な糸は、人々を静かな共鳴へと導くだろう。』,この幽絲の特性を生かして君はどう生きるか？,
204,6,4,6,204,瑛華,えいか,識,創造系,真形,識の螺旋は真実の美しさを、光り輝く華のように鮮やかに創り出す。,水,礼,真実の美しさを鮮やかに具現化する魂。,「瑛」：美しく輝く宝石。「華」：華やかさ、輝き。,『君が咲かせる真実の華は、人々の心に深く刻まれるだろう。』,この瑛華の特性を生かして君はどう生きるか？,
205,6,5,1,205,澄析,ちょうせき,識,直感系,數理,識の螺旋は澄んだ直感を数理的に解析し、新たな洞察を生む。,水,智,澄んだ直感を論理的に解析し、明晰な理解を導く魂。,「澄」：透き通るような明晰さ。「析」：解析、明らかにする。,『君の透き通る直感と論理の融合は、新たな叡智をもたらすだろう。』,この澄析の特性を生かして君はどう生きるか？,
206,6,5,2,206,環明,かんめい,識,直感系,陰陽,識の螺旋は直感的に陰陽の調和を見抜き、明るい循環を生み出す。,水,義,直感で陰陽を見極め、調和的な循環を導く魂。,「環」：循環、調和。「明」：明るく明確な理解。,『君の直感が捉える陰陽の調和は、世界に明るい循環を生み出すだろう。』,この環明の特性を生かして君はどう生きるか？,
207,6,5,3,207,妙遷,みょうせん,識,直感系,易変,識の螺旋は直感的に変化を感知し、絶妙なタイミングで新しい道を開く。,水,信,直感で変化を感じ取り、絶妙なタイミングで行動する魂。,「妙」：絶妙さ。「遷」：変化、移行。,『君の直感が捉える絶妙な変化が、最善の道を拓くだろう。』,この妙遷の特性を生かして君はどう生きるか？,
208,6,5,4,208,律瀬,りつらい,識,直感系,螺律,識の螺旋は直感的に調和のリズムを見出し、それを清流のように流れさせる。,水,礼,直感で調和のリズムを掴み、美しく流れを作る魂。,「律」：調和、リズム。「瀬」：流れの清らかな部分。,『君の直感が作り出す美しいリズムは、清らかな流れを生むだろう。』,この律瀬の特性を生かして君はどう生きるか？,
209,6,5,5,209,澪響,れいきょう,識,直感系,霊脈,識の螺旋は直感で霊的な響きを感じ取り、それを深い水脈のように伝える。,水,智,直感で霊的な響きを捉え、深く伝える魂。,「澪」：水の深い流れ。「響」：響き、共鳴。,『君が感じる深い響きは、静かに、しかし力強く人々を動かすだろう。』,この澪響の特性を生かして君はどう生きるか？,
210,6,5,6,210,瑞真,ずいしん,識,直感系,真形,識の螺旋は直感的に真実を感じ取り、それを瑞々しく新鮮な形で示す。,水,義,直感で真実を瑞々しく表現し、新鮮な気づきを与える魂。,「瑞」：瑞々しい、新鮮。「真」：真実。,『君の直感が導き出す真実は、いつも新鮮で人々の心を潤すだろう。』,この瑞真の特性を生かして君はどう生きるか？,
211,6,6,1,211,聖矩,せいく,識,信念系,數理,識の螺旋は信念を聖なる基準で数理的に整え、正しい方向へ導く。,水,信,聖なる基準をもって信念を数理的に整え、正しい道を示す魂。,「聖」：神聖、純粋。「矩」：規準、基準。,『君が持つ純粋な基準が、正しい道筋を明確に示すだろう。』,この聖矩の特性を生かして君はどう生きるか？,
212,6,6,2,212,和暉,わき,識,信念系,陰陽,識の螺旋は信念を穏やかな光のように照らし、陰陽の調和を保ちながら世界を照らす。,水,礼,信念を穏やかな光で調和させ、人々を照らす魂。,「和」：調和、平和。「暉」：穏やかな輝き。,『君が持つ穏やかな信念の輝きは、世界に調和をもたらすだろう。』,この和暉の特性を生かして君はどう生きるか？,
213,6,6,3,213,道遷,どうせん,識,信念系,易変,識の螺旋は信念をもって変化を柔軟に受け入れ、新たな道を切り開いていく。,水,智,信念を貫きつつ変化を柔軟に受け入れ、新しい道を開拓する魂。,「道」：道筋、信念。「遷」：移り変わり、変化。,『君の信念が柔軟に変化を受け入れる時、常に最善の道が開かれるだろう。』,この道遷の特性を生かして君はどう生きるか？,
214,6,6,4,214,律泉,りつせん,識,信念系,螺律,識の螺旋は信念を規則正しい泉のように湧き上がらせ、持続的なエネルギーを生み出す。,水,信,信念を泉のように規則正しく湧き上がらせ、安定した力をもたらす魂。,「律」：規則性、調和。「泉」：湧き出る力の源。,『君の規則正しい信念は尽きることなく湧き続け、周囲を潤し続けるだろう。』,この律泉の特性を生かして君はどう生きるか？,
215,6,6,5,215,深霞,しんか,識,信念系,霊脈,識の螺旋は深い霊的感性で、霞のように微妙な境界を越え、見えない世界との繋がりを深める。,水,義,深い霊的感性を持ち、見えない世界との境界を超える魂。,「深」：奥深さ。「霞」：微妙で美しい境界。,『君が持つ深い信念は、見えない世界への扉を静かに開くだろう。』,この深霞の特性を生かして君はどう生きるか？,
216,6,6,6,216,真澄,ますみ,識,信念系,真形,識の螺旋は信念を真実そのものとして澄み切った状態で表し、その本質を明らかにする。,水,智,信念を真実として澄み渡らせ、その本質を表現する魂。,「真」：真実、本質。「澄」：澄み切った明晰さ。,『君が持つ真実の信念は、澄み渡った心で世界を照らし続けるだろう。』,この真澄の特性を生かして君はどう生きるか？,